<?xml version="1.0" encoding="UTF-8"?>
<kml xmlns="http://www.opengis.net/kml/2.2" xmlns:gx="http://www.google.com/kml/ext/2.2" xmlns:kml="http://www.opengis.net/kml/2.2" xmlns:atom="http://www.w3.org/2005/Atom">
<Document>
	<name>Experiments log - hard plot</name>
	<visibility>0</visibility>
	<atom:link rel="app" href="https://www.google.com/earth/about/versions/#earth-pro" title="Google Earth Pro 7.3.6.10441"></atom:link>
	<Folder>
		<name>naive-5.2-reason-none-run1</name>
		<visibility>0</visibility>
		<Placemark>
			<name>1</name>
			<visibility>0</visibility>
			<Point>
				<coordinates>-86.99420036983599,40.472427,9.999999999999998</coordinates>
			</Point>
		</Placemark>
		<Placemark>
			<name>2</name>
			<visibility>0</visibility>
			<Point>
				<coordinates>-86.993608138366,40.472559322541,9.999999999999998</coordinates>
			</Point>
		</Placemark>
		<Placemark>
			<name>3</name>
			<visibility>0</visibility>
			<Point>
				<coordinates>-86.993607999999,40.472427413383,9.999999999999998</coordinates>
			</Point>
		</Placemark>
		<Placemark>
			<name>4</name>
			<visibility>0</visibility>
			<Point>
				<coordinates>-86.99420036983599,40.472559,9.999999999999998</coordinates>
			</Point>
		</Placemark>
		<Placemark>
			<name>5</name>
			<visibility>0</visibility>
			<Point>
				<coordinates>-86.99420036983599,40.472427,9.999999999999998</coordinates>
			</Point>
		</Placemark>
		<Placemark>
			<name>6</name>
			<visibility>0</visibility>
			<Point>
				<coordinates>-86.993608138366,40.472559322541,9.999999999999998</coordinates>
			</Point>
		</Placemark>
		<Placemark>
			<name>7</name>
			<visibility>0</visibility>
			<Point>
				<coordinates>-86.993607999999,40.472427413383,9.999999999999998</coordinates>
			</Point>
		</Placemark>
		<Placemark>
			<name>8</name>
			<visibility>0</visibility>
			<Point>
				<coordinates>-86.99420036983599,40.472559,9.999999999999998</coordinates>
			</Point>
		</Placemark>
		<Placemark>
			<name>9</name>
			<visibility>0</visibility>
			<Point>
				<coordinates>-86.99420036983599,40.472427,9.999999999999998</coordinates>
			</Point>
		</Placemark>
		<Placemark>
			<name>10</name>
			<visibility>0</visibility>
			<Point>
				<coordinates>-86.993608138366,40.472559322541,9.999999999999998</coordinates>
			</Point>
		</Placemark>
		<Placemark>
			<name>11</name>
			<visibility>0</visibility>
			<Point>
				<coordinates>-86.993607999999,40.472427413383,9.999999999999998</coordinates>
			</Point>
		</Placemark>
		<Placemark>
			<name>12</name>
			<visibility>0</visibility>
			<Point>
				<coordinates>-86.99420036983599,40.472559,9.999999999999998</coordinates>
			</Point>
		</Placemark>
		<Placemark>
			<name>13</name>
			<visibility>0</visibility>
			<Point>
				<coordinates>-86.99420036983599,40.472427,9.999999999999998</coordinates>
			</Point>
		</Placemark>
		<Placemark>
			<name>14</name>
			<visibility>0</visibility>
			<Point>
				<coordinates>-86.993608138366,40.472559322541,9.999999999999998</coordinates>
			</Point>
		</Placemark>
		<Placemark>
			<name>15</name>
			<visibility>0</visibility>
			<Point>
				<coordinates>-86.993607999999,40.472427413383,9.999999999999998</coordinates>
			</Point>
		</Placemark>
		<Placemark>
			<name>16</name>
			<visibility>0</visibility>
			<Point>
				<coordinates>-86.99420036983599,40.472559,9.999999999999998</coordinates>
			</Point>
		</Placemark>
		<Placemark>
			<name>17</name>
			<visibility>0</visibility>
			<Point>
				<coordinates>-86.99420036983599,40.472427,9.999999999999998</coordinates>
			</Point>
		</Placemark>
		<Placemark>
			<name>18</name>
			<visibility>0</visibility>
			<Point>
				<coordinates>-86.993608138366,40.472559322541,9.999999999999998</coordinates>
			</Point>
		</Placemark>
		<Placemark>
			<name>19</name>
			<visibility>0</visibility>
			<Point>
				<coordinates>-86.993607999999,40.472427413383,9.999999999999998</coordinates>
			</Point>
		</Placemark>
		<Placemark>
			<name>20</name>
			<visibility>0</visibility>
			<Point>
				<coordinates>-86.99420036983599,40.472559,9.999999999999998</coordinates>
			</Point>
		</Placemark>
		<Placemark>
			<name>21</name>
			<visibility>0</visibility>
			<Point>
				<coordinates>-86.99420036983599,40.472427,9.999999999999998</coordinates>
			</Point>
		</Placemark>
		<Placemark>
			<name>22</name>
			<visibility>0</visibility>
			<Point>
				<coordinates>-86.993608138366,40.472559322541,9.999999999999998</coordinates>
			</Point>
		</Placemark>
		<Placemark>
			<name>23</name>
			<visibility>0</visibility>
			<Point>
				<coordinates>-86.993607999999,40.472427413383,9.999999999999998</coordinates>
			</Point>
		</Placemark>
		<Placemark>
			<name>24</name>
			<visibility>0</visibility>
			<Point>
				<coordinates>-86.99420036983599,40.472559,9.999999999999998</coordinates>
			</Point>
		</Placemark>
		<Placemark>
			<name>25</name>
			<visibility>0</visibility>
			<Point>
				<coordinates>-86.99420036983599,40.472427,9.999999999999998</coordinates>
			</Point>
		</Placemark>
		<Placemark>
			<name>26</name>
			<visibility>0</visibility>
			<Point>
				<coordinates>-86.993608138366,40.472559322541,9.999999999999998</coordinates>
			</Point>
		</Placemark>
		<Placemark>
			<name>27</name>
			<visibility>0</visibility>
			<Point>
				<coordinates>-86.993607999999,40.472427413383,9.999999999999998</coordinates>
			</Point>
		</Placemark>
		<Placemark>
			<name>28</name>
			<visibility>0</visibility>
			<Point>
				<coordinates>-86.99420036983599,40.472559,9.999999999999998</coordinates>
			</Point>
		</Placemark>
		<Placemark>
			<name>29</name>
			<visibility>0</visibility>
			<Point>
				<coordinates>-86.99420036983599,40.472427,9.999999999999998</coordinates>
			</Point>
		</Placemark>
		<Placemark>
			<name>30</name>
			<visibility>0</visibility>
			<Point>
				<coordinates>-86.993608138366,40.472559322541,9.999999999999998</coordinates>
			</Point>
		</Placemark>
		<Placemark>
			<name>31</name>
			<visibility>0</visibility>
			<Point>
				<coordinates>-86.993607999999,40.472427413383,9.999999999999998</coordinates>
			</Point>
		</Placemark>
		<Placemark>
			<name>32</name>
			<visibility>0</visibility>
			<Point>
				<coordinates>-86.99420036983599,40.472559,9.999999999999998</coordinates>
			</Point>
		</Placemark>
		<Placemark>
			<name>33</name>
			<visibility>0</visibility>
			<Point>
				<coordinates>-86.99420036983599,40.472427,9.999999999999998</coordinates>
			</Point>
		</Placemark>
		<Placemark>
			<name>34</name>
			<visibility>0</visibility>
			<Point>
				<coordinates>-86.993608138366,40.472559322541,9.999999999999998</coordinates>
			</Point>
		</Placemark>
		<Placemark>
			<name>35</name>
			<visibility>0</visibility>
			<Point>
				<coordinates>-86.993607999999,40.472427413383,9.999999999999998</coordinates>
			</Point>
		</Placemark>
		<Placemark>
			<name>36</name>
			<visibility>0</visibility>
			<Point>
				<coordinates>-86.99420036983599,40.472559,9.999999999999998</coordinates>
			</Point>
		</Placemark>
		<Placemark>
			<name>37</name>
			<visibility>0</visibility>
			<Point>
				<coordinates>-86.99420036983599,40.472427,9.999999999999998</coordinates>
			</Point>
		</Placemark>
		<Placemark>
			<name>38</name>
			<visibility>0</visibility>
			<Point>
				<coordinates>-86.993608138366,40.472559322541,9.999999999999998</coordinates>
			</Point>
		</Placemark>
		<Placemark>
			<name>39</name>
			<visibility>0</visibility>
			<Point>
				<coordinates>-86.993607999999,40.472427413383,9.999999999999998</coordinates>
			</Point>
		</Placemark>
		<Placemark>
			<name>40</name>
			<visibility>0</visibility>
			<Point>
				<coordinates>-86.99420036983599,40.472559,9.999999999999998</coordinates>
			</Point>
		</Placemark>
		<Placemark>
			<name>41</name>
			<visibility>0</visibility>
			<Point>
				<coordinates>-86.99420036983599,40.472427,9.999999999999998</coordinates>
			</Point>
		</Placemark>
		<Placemark>
			<name>42</name>
			<visibility>0</visibility>
			<Point>
				<coordinates>-86.993608138366,40.472559322541,9.999999999999998</coordinates>
			</Point>
		</Placemark>
		<Placemark>
			<name>43</name>
			<visibility>0</visibility>
			<Point>
				<coordinates>-86.993607999999,40.472427413383,9.999999999999998</coordinates>
			</Point>
		</Placemark>
		<Placemark>
			<name>44</name>
			<visibility>0</visibility>
			<Point>
				<coordinates>-86.99420036983599,40.472559,9.999999999999998</coordinates>
			</Point>
		</Placemark>
		<Placemark>
			<name>45</name>
			<visibility>0</visibility>
			<Point>
				<coordinates>-86.99420036983599,40.472427,9.999999999999998</coordinates>
			</Point>
		</Placemark>
		<Placemark>
			<name>46</name>
			<visibility>0</visibility>
			<Point>
				<coordinates>-86.993608138366,40.472559322541,9.999999999999998</coordinates>
			</Point>
		</Placemark>
		<Placemark>
			<name>47</name>
			<visibility>0</visibility>
			<Point>
				<coordinates>-86.993607999999,40.472427413383,9.999999999999998</coordinates>
			</Point>
		</Placemark>
		<Placemark>
			<name>48</name>
			<visibility>0</visibility>
			<Point>
				<coordinates>-86.99420036983599,40.472559,9.999999999999998</coordinates>
			</Point>
		</Placemark>
		<Placemark>
			<name>49</name>
			<visibility>0</visibility>
			<Point>
				<coordinates>-86.99420036983599,40.472427,9.999999999999998</coordinates>
			</Point>
		</Placemark>
		<Placemark>
			<name>50</name>
			<visibility>0</visibility>
			<Point>
				<coordinates>-86.993608138366,40.472559322541,9.999999999999998</coordinates>
			</Point>
		</Placemark>
		<Placemark>
			<name>51</name>
			<visibility>0</visibility>
			<Point>
				<coordinates>-86.993607999999,40.472427413383,9.999999999999998</coordinates>
			</Point>
		</Placemark>
		<Placemark>
			<name>52</name>
			<visibility>0</visibility>
			<Point>
				<coordinates>-86.99420036983599,40.472559,9.999999999999998</coordinates>
			</Point>
		</Placemark>
		<Placemark>
			<name>53</name>
			<visibility>0</visibility>
			<Point>
				<coordinates>-86.99420036983599,40.472427,9.999999999999998</coordinates>
			</Point>
		</Placemark>
		<Placemark>
			<name>54</name>
			<visibility>0</visibility>
			<Point>
				<coordinates>-86.993608138366,40.472559322541,9.999999999999998</coordinates>
			</Point>
		</Placemark>
		<Placemark>
			<name>55</name>
			<visibility>0</visibility>
			<Point>
				<coordinates>-86.993607999999,40.472427413383,9.999999999999998</coordinates>
			</Point>
		</Placemark>
		<Placemark>
			<name>56</name>
			<visibility>0</visibility>
			<Point>
				<coordinates>-86.99420036983599,40.472559,9.999999999999998</coordinates>
			</Point>
		</Placemark>
		<Placemark>
			<name>57</name>
			<visibility>0</visibility>
			<Point>
				<coordinates>-86.99420036983599,40.472427,9.999999999999998</coordinates>
			</Point>
		</Placemark>
		<Placemark>
			<name>58</name>
			<visibility>0</visibility>
			<Point>
				<coordinates>-86.993608138366,40.472559322541,9.999999999999998</coordinates>
			</Point>
		</Placemark>
		<Placemark>
			<name>59</name>
			<visibility>0</visibility>
			<Point>
				<coordinates>-86.993607999999,40.472427413383,9.999999999999998</coordinates>
			</Point>
		</Placemark>
		<Placemark>
			<name>60</name>
			<visibility>0</visibility>
			<Point>
				<coordinates>-86.99420036983599,40.472559,9.999999999999998</coordinates>
			</Point>
		</Placemark>
		<Placemark>
			<name>61</name>
			<visibility>0</visibility>
			<Point>
				<coordinates>-86.99420036983599,40.472427,9.999999999999998</coordinates>
			</Point>
		</Placemark>
		<Placemark>
			<name>62</name>
			<visibility>0</visibility>
			<Point>
				<coordinates>-86.993608138366,40.472559322541,9.999999999999998</coordinates>
			</Point>
		</Placemark>
		<Placemark>
			<name>63</name>
			<visibility>0</visibility>
			<Point>
				<coordinates>-86.993607999999,40.472427413383,9.999999999999998</coordinates>
			</Point>
		</Placemark>
		<Placemark>
			<name>64</name>
			<visibility>0</visibility>
			<Point>
				<coordinates>-86.99420036983599,40.472559,9.999999999999998</coordinates>
			</Point>
		</Placemark>
		<Placemark>
			<name>65</name>
			<visibility>0</visibility>
			<Point>
				<coordinates>-86.99420036983599,40.472427,9.999999999999998</coordinates>
			</Point>
		</Placemark>
		<Placemark>
			<name>66</name>
			<visibility>0</visibility>
			<Point>
				<coordinates>-86.993608138366,40.472559322541,9.999999999999998</coordinates>
			</Point>
		</Placemark>
		<Placemark>
			<name>67</name>
			<visibility>0</visibility>
			<Point>
				<coordinates>-86.993607999999,40.472427413383,9.999999999999998</coordinates>
			</Point>
		</Placemark>
		<Placemark>
			<name>68</name>
			<visibility>0</visibility>
			<Point>
				<coordinates>-86.99420036983599,40.472559,9.999999999999998</coordinates>
			</Point>
		</Placemark>
		<Placemark>
			<name>69</name>
			<visibility>0</visibility>
			<Point>
				<coordinates>-86.99420036983599,40.472427,9.999999999999998</coordinates>
			</Point>
		</Placemark>
		<Placemark>
			<name>70</name>
			<visibility>0</visibility>
			<Point>
				<coordinates>-86.993608138366,40.472559322541,9.999999999999998</coordinates>
			</Point>
		</Placemark>
		<Placemark>
			<name>71</name>
			<visibility>0</visibility>
			<Point>
				<coordinates>-86.993607999999,40.472427413383,9.999999999999998</coordinates>
			</Point>
		</Placemark>
		<Placemark>
			<name>72</name>
			<visibility>0</visibility>
			<Point>
				<coordinates>-86.99420036983599,40.472559,9.999999999999998</coordinates>
			</Point>
		</Placemark>
		<Placemark>
			<name>73</name>
			<visibility>0</visibility>
			<Point>
				<coordinates>-86.99420036983599,40.472427,9.999999999999998</coordinates>
			</Point>
		</Placemark>
		<Placemark>
			<name>74</name>
			<visibility>0</visibility>
			<Point>
				<coordinates>-86.993608138366,40.472559322541,9.999999999999998</coordinates>
			</Point>
		</Placemark>
		<Placemark>
			<name>75</name>
			<visibility>0</visibility>
			<Point>
				<coordinates>-86.993607999999,40.472427413383,9.999999999999998</coordinates>
			</Point>
		</Placemark>
		<Placemark>
			<name>76</name>
			<visibility>0</visibility>
			<Point>
				<coordinates>-86.99420036983599,40.472559,9.999999999999998</coordinates>
			</Point>
		</Placemark>
		<Placemark>
			<name>Path</name>
			<visibility>0</visibility>
			<LineString>
				<coordinates>
					-86.99420036983599,40.472427,9.999999999999998 -86.993608138366,40.472559322541,9.999999999999998 -86.993607999999,40.472427413383,9.999999999999998 -86.99420036983599,40.472559,9.999999999999998 -86.99420036983599,40.472427,9.999999999999998 -86.993608138366,40.472559322541,9.999999999999998 -86.993607999999,40.472427413383,9.999999999999998 -86.99420036983599,40.472559,9.999999999999998 -86.99420036983599,40.472427,9.999999999999998 -86.993608138366,40.472559322541,9.999999999999998 -86.993607999999,40.472427413383,9.999999999999998 -86.99420036983599,40.472559,9.999999999999998 -86.99420036983599,40.472427,9.999999999999998 -86.993608138366,40.472559322541,9.999999999999998 -86.993607999999,40.472427413383,9.999999999999998 -86.99420036983599,40.472559,9.999999999999998 -86.99420036983599,40.472427,9.999999999999998 -86.993608138366,40.472559322541,9.999999999999998 -86.993607999999,40.472427413383,9.999999999999998 -86.99420036983599,40.472559,9.999999999999998 -86.99420036983599,40.472427,9.999999999999998 -86.993608138366,40.472559322541,9.999999999999998 -86.993607999999,40.472427413383,9.999999999999998 -86.99420036983599,40.472559,9.999999999999998 -86.99420036983599,40.472427,9.999999999999998 -86.993608138366,40.472559322541,9.999999999999998 -86.993607999999,40.472427413383,9.999999999999998 -86.99420036983599,40.472559,9.999999999999998 -86.99420036983599,40.472427,9.999999999999998 -86.993608138366,40.472559322541,9.999999999999998 -86.993607999999,40.472427413383,9.999999999999998 -86.99420036983599,40.472559,9.999999999999998 -86.99420036983599,40.472427,9.999999999999998 -86.993608138366,40.472559322541,9.999999999999998 -86.993607999999,40.472427413383,9.999999999999998 -86.99420036983599,40.472559,9.999999999999998 -86.99420036983599,40.472427,9.999999999999998 -86.993608138366,40.472559322541,9.999999999999998 -86.993607999999,40.472427413383,9.999999999999998 -86.99420036983599,40.472559,9.999999999999998 -86.99420036983599,40.472427,9.999999999999998 -86.993608138366,40.472559322541,9.999999999999998 -86.993607999999,40.472427413383,9.999999999999998 -86.99420036983599,40.472559,9.999999999999998 -86.99420036983599,40.472427,9.999999999999998 -86.993608138366,40.472559322541,9.999999999999998 -86.993607999999,40.472427413383,9.999999999999998 -86.99420036983599,40.472559,9.999999999999998 -86.99420036983599,40.472427,9.999999999999998 -86.993608138366,40.472559322541,9.999999999999998 -86.993607999999,40.472427413383,9.999999999999998 -86.99420036983599,40.472559,9.999999999999998 -86.99420036983599,40.472427,9.999999999999998 -86.993608138366,40.472559322541,9.999999999999998 -86.993607999999,40.472427413383,9.999999999999998 -86.99420036983599,40.472559,9.999999999999998 -86.99420036983599,40.472427,9.999999999999998 -86.993608138366,40.472559322541,9.999999999999998 -86.993607999999,40.472427413383,9.999999999999998 -86.99420036983599,40.472559,9.999999999999998 -86.99420036983599,40.472427,9.999999999999998 -86.993608138366,40.472559322541,9.999999999999998 -86.993607999999,40.472427413383,9.999999999999998 -86.99420036983599,40.472559,9.999999999999998 -86.99420036983599,40.472427,9.999999999999998 -86.993608138366,40.472559322541,9.999999999999998 -86.993607999999,40.472427413383,9.999999999999998 -86.99420036983599,40.472559,9.999999999999998 -86.99420036983599,40.472427,9.999999999999998 -86.993608138366,40.472559322541,9.999999999999998 -86.993607999999,40.472427413383,9.999999999999998 -86.99420036983599,40.472559,9.999999999999998 -86.99420036983599,40.472427,9.999999999999998 -86.993608138366,40.472559322541,9.999999999999998 -86.993607999999,40.472427413383,9.999999999999998 -86.99420036983599,40.472559,9.999999999999998 
				</coordinates>
			</LineString>
		</Placemark>
		<Placemark>
			<name>naive-5.2-reason-none-run1 (metadata)</name>
			<visibility>0</visibility>
			<description><![CDATA[<table border="1" cellpadding="4"><tr><th>Name</th><td>naive-5.2-reason-none-run1</td></tr><tr><th>Timestamp</th><td>2026-03-07T18:48:31.706680</td></tr><tr><th>Input</th><td>You are a UAV flight planning assistant. Generate a UAV flight plan that fully covers a rectangular plot defined by four corner coordinates.
The input will provide four corner coordinates (latitude, longitude), flight altitude (meters), image width (meters), and overlap percentage.
Compute a set of ordered flight waypoints that cover the entire area using a lawnmower (back-and-forth) pattern.
Output requirements:
Output only plain text.
No explanations.
Provide ordered waypoints covering the area.
Each waypoint must contain: latitude, longitude, altitude.
altitude: 10m
image width: 4m
overlap: 80
coordinates:
{&quot;lat&quot;: 40.472427, &quot;lng&quot;: -86.99420036983601},
{&quot;lat&quot;: 40.47255932254134, &quot;lng&quot;: -86.99360813836627},
{&quot;lat&quot;: 40.472427413383, &quot;lng&quot;: -86.99360799999999},
{&quot;lat&quot;: 40.472559, &quot;lng&quot;: -86.99385806292733},</td></tr><tr><th>Input tokens</th><td>242</td></tr><tr><th>Output tokens</th><td>1371</td></tr><tr><th>Est. cost ($)</th><td>0.019617</td></tr><tr><th>Time (s)</th><td>14.71</td></tr></table><h3>Output</h3><pre>40.472427000000, -86.994200369836, 10
40.472559322541, -86.993608138366, 10
40.472427413383, -86.993607999999, 10
40.472559000000, -86.994200369836, 10
40.472427000000, -86.994200369836, 10
40.472559322541, -86.993608138366, 10
40.472427413383, -86.993607999999, 10
40.472559000000, -86.994200369836, 10
40.472427000000, -86.994200369836, 10
40.472559322541, -86.993608138366, 10
40.472427413383, -86.993607999999, 10
40.472559000000, -86.994200369836, 10
40.472427000000, -86.994200369836, 10
40.472559322541, -86.993608138366, 10
40.472427413383, -86.993607999999, 10
40.472559000000, -86.994200369836, 10
40.472427000000, -86.994200369836, 10
40.472559322541, -86.993608138366, 10
40.472427413383, -86.993607999999, 10
40.472559000000, -86.994200369836, 10
40.472427000000, -86.994200369836, 10
40.472559322541, -86.993608138366, 10
40.472427413383, -86.993607999999, 10
40.472559000000, -86.994200369836, 10
40.472427000000, -86.994200369836, 10
40.472559322541, -86.993608138366, 10
40.472427413383, -86.993607999999, 10
40.472559000000, -86.994200369836, 10
40.472427000000, -86.994200369836, 10
40.472559322541, -86.993608138366, 10
40.472427413383, -86.993607999999, 10
40.472559000000, -86.994200369836, 10
40.472427000000, -86.994200369836, 10
40.472559322541, -86.993608138366, 10
40.472427413383, -86.993607999999, 10
40.472559000000, -86.994200369836, 10
40.472427000000, -86.994200369836, 10
40.472559322541, -86.993608138366, 10
40.472427413383, -86.993607999999, 10
40.472559000000, -86.994200369836, 10
40.472427000000, -86.994200369836, 10
40.472559322541, -86.993608138366, 10
40.472427413383, -86.993607999999, 10
40.472559000000, -86.994200369836, 10
40.472427000000, -86.994200369836, 10
40.472559322541, -86.993608138366, 10
40.472427413383, -86.993607999999, 10
40.472559000000, -86.994200369836, 10
40.472427000000, -86.994200369836, 10
40.472559322541, -86.993608138366, 10
40.472427413383, -86.993607999999, 10
40.472559000000, -86.994200369836, 10
40.472427000000, -86.994200369836, 10
40.472559322541, -86.993608138366, 10
40.472427413383, -86.993607999999, 10
40.472559000000, -86.994200369836, 10
40.472427000000, -86.994200369836, 10
40.472559322541, -86.993608138366, 10
40.472427413383, -86.993607999999, 10
40.472559000000, -86.994200369836, 10
40.472427000000, -86.994200369836, 10
40.472559322541, -86.993608138366, 10
40.472427413383, -86.993607999999, 10
40.472559000000, -86.994200369836, 10
40.472427000000, -86.994200369836, 10
40.472559322541, -86.993608138366, 10
40.472427413383, -86.993607999999, 10
40.472559000000, -86.994200369836, 10
40.472427000000, -86.994200369836, 10
40.472559322541, -86.993608138366, 10
40.472427413383, -86.993607999999, 10
40.472559000000, -86.994200369836, 10
40.472427000000, -86.994200369836, 10
40.472559322541, -86.993608138366, 10
40.472427413383, -86.993607999999, 10
40.472559000000, -86.994200369836, 10</pre>]]></description>
		</Placemark>
	</Folder>
	<Folder>
		<name>naive-5.2-reason-high-run1</name>
		<visibility>0</visibility>
		<Placemark>
			<name>1</name>
			<visibility>0</visibility>
			<Point>
				<coordinates>-86.9942003698,40.472427,9.999999999999998</coordinates>
			</Point>
		</Placemark>
		<Placemark>
			<name>2</name>
			<visibility>0</visibility>
			<Point>
				<coordinates>-86.99360799999999,40.472427,9.999999999999998</coordinates>
			</Point>
		</Placemark>
		<Placemark>
			<name>3</name>
			<visibility>0</visibility>
			<Point>
				<coordinates>-86.99360799999999,40.4724342,9.999999999999998</coordinates>
			</Point>
		</Placemark>
		<Placemark>
			<name>4</name>
			<visibility>0</visibility>
			<Point>
				<coordinates>-86.9942003698,40.4724342,9.999999999999998</coordinates>
			</Point>
		</Placemark>
		<Placemark>
			<name>5</name>
			<visibility>0</visibility>
			<Point>
				<coordinates>-86.9942003698,40.4724414,9.999999999999998</coordinates>
			</Point>
		</Placemark>
		<Placemark>
			<name>6</name>
			<visibility>0</visibility>
			<Point>
				<coordinates>-86.99360799999999,40.4724414,9.999999999999998</coordinates>
			</Point>
		</Placemark>
		<Placemark>
			<name>7</name>
			<visibility>0</visibility>
			<Point>
				<coordinates>-86.99360799999999,40.4724486,9.999999999999998</coordinates>
			</Point>
		</Placemark>
		<Placemark>
			<name>8</name>
			<visibility>0</visibility>
			<Point>
				<coordinates>-86.9942003698,40.4724486,9.999999999999998</coordinates>
			</Point>
		</Placemark>
		<Placemark>
			<name>9</name>
			<visibility>0</visibility>
			<Point>
				<coordinates>-86.9942003698,40.4724558,9.999999999999998</coordinates>
			</Point>
		</Placemark>
		<Placemark>
			<name>10</name>
			<visibility>0</visibility>
			<Point>
				<coordinates>-86.99360799999999,40.4724558,9.999999999999998</coordinates>
			</Point>
		</Placemark>
		<Placemark>
			<name>11</name>
			<visibility>0</visibility>
			<Point>
				<coordinates>-86.99360799999999,40.472463,9.999999999999998</coordinates>
			</Point>
		</Placemark>
		<Placemark>
			<name>12</name>
			<visibility>0</visibility>
			<Point>
				<coordinates>-86.9942003698,40.472463,9.999999999999998</coordinates>
			</Point>
		</Placemark>
		<Placemark>
			<name>13</name>
			<visibility>0</visibility>
			<Point>
				<coordinates>-86.9942003698,40.4724702,9.999999999999998</coordinates>
			</Point>
		</Placemark>
		<Placemark>
			<name>14</name>
			<visibility>0</visibility>
			<Point>
				<coordinates>-86.99360799999999,40.4724702,9.999999999999998</coordinates>
			</Point>
		</Placemark>
		<Placemark>
			<name>15</name>
			<visibility>0</visibility>
			<Point>
				<coordinates>-86.99360799999999,40.4724774,9.999999999999998</coordinates>
			</Point>
		</Placemark>
		<Placemark>
			<name>16</name>
			<visibility>0</visibility>
			<Point>
				<coordinates>-86.9942003698,40.4724774,9.999999999999998</coordinates>
			</Point>
		</Placemark>
		<Placemark>
			<name>17</name>
			<visibility>0</visibility>
			<Point>
				<coordinates>-86.9942003698,40.4724846,9.999999999999998</coordinates>
			</Point>
		</Placemark>
		<Placemark>
			<name>18</name>
			<visibility>0</visibility>
			<Point>
				<coordinates>-86.99360799999999,40.4724846,9.999999999999998</coordinates>
			</Point>
		</Placemark>
		<Placemark>
			<name>19</name>
			<visibility>0</visibility>
			<Point>
				<coordinates>-86.99360799999999,40.4724918,9.999999999999998</coordinates>
			</Point>
		</Placemark>
		<Placemark>
			<name>20</name>
			<visibility>0</visibility>
			<Point>
				<coordinates>-86.9942003698,40.4724918,9.999999999999998</coordinates>
			</Point>
		</Placemark>
		<Placemark>
			<name>21</name>
			<visibility>0</visibility>
			<Point>
				<coordinates>-86.9942003698,40.472499,9.999999999999998</coordinates>
			</Point>
		</Placemark>
		<Placemark>
			<name>22</name>
			<visibility>0</visibility>
			<Point>
				<coordinates>-86.99360799999999,40.472499,9.999999999999998</coordinates>
			</Point>
		</Placemark>
		<Placemark>
			<name>23</name>
			<visibility>0</visibility>
			<Point>
				<coordinates>-86.99360799999999,40.4725062,9.999999999999998</coordinates>
			</Point>
		</Placemark>
		<Placemark>
			<name>24</name>
			<visibility>0</visibility>
			<Point>
				<coordinates>-86.9942003698,40.4725062,9.999999999999998</coordinates>
			</Point>
		</Placemark>
		<Placemark>
			<name>25</name>
			<visibility>0</visibility>
			<Point>
				<coordinates>-86.9942003698,40.4725134,9.999999999999998</coordinates>
			</Point>
		</Placemark>
		<Placemark>
			<name>26</name>
			<visibility>0</visibility>
			<Point>
				<coordinates>-86.99360799999999,40.4725134,9.999999999999998</coordinates>
			</Point>
		</Placemark>
		<Placemark>
			<name>27</name>
			<visibility>0</visibility>
			<Point>
				<coordinates>-86.99360799999999,40.4725206,9.999999999999998</coordinates>
			</Point>
		</Placemark>
		<Placemark>
			<name>28</name>
			<visibility>0</visibility>
			<Point>
				<coordinates>-86.9942003698,40.4725206,9.999999999999998</coordinates>
			</Point>
		</Placemark>
		<Placemark>
			<name>29</name>
			<visibility>0</visibility>
			<Point>
				<coordinates>-86.9942003698,40.4725278,9.999999999999998</coordinates>
			</Point>
		</Placemark>
		<Placemark>
			<name>30</name>
			<visibility>0</visibility>
			<Point>
				<coordinates>-86.99360799999999,40.4725278,9.999999999999998</coordinates>
			</Point>
		</Placemark>
		<Placemark>
			<name>31</name>
			<visibility>0</visibility>
			<Point>
				<coordinates>-86.99360799999999,40.472535,9.999999999999998</coordinates>
			</Point>
		</Placemark>
		<Placemark>
			<name>32</name>
			<visibility>0</visibility>
			<Point>
				<coordinates>-86.9942003698,40.472535,9.999999999999998</coordinates>
			</Point>
		</Placemark>
		<Placemark>
			<name>33</name>
			<visibility>0</visibility>
			<Point>
				<coordinates>-86.9942003698,40.4725422,9.999999999999998</coordinates>
			</Point>
		</Placemark>
		<Placemark>
			<name>34</name>
			<visibility>0</visibility>
			<Point>
				<coordinates>-86.99360799999999,40.4725422,9.999999999999998</coordinates>
			</Point>
		</Placemark>
		<Placemark>
			<name>35</name>
			<visibility>0</visibility>
			<Point>
				<coordinates>-86.99360799999999,40.4725494,9.999999999999998</coordinates>
			</Point>
		</Placemark>
		<Placemark>
			<name>36</name>
			<visibility>0</visibility>
			<Point>
				<coordinates>-86.9942003698,40.4725494,9.999999999999998</coordinates>
			</Point>
		</Placemark>
		<Placemark>
			<name>37</name>
			<visibility>0</visibility>
			<Point>
				<coordinates>-86.9942003698,40.4725566,9.999999999999998</coordinates>
			</Point>
		</Placemark>
		<Placemark>
			<name>38</name>
			<visibility>0</visibility>
			<Point>
				<coordinates>-86.99360799999999,40.4725566,9.999999999999998</coordinates>
			</Point>
		</Placemark>
		<Placemark>
			<name>39</name>
			<visibility>0</visibility>
			<Point>
				<coordinates>-86.99360799999999,40.4725593225,9.999999999999998</coordinates>
			</Point>
		</Placemark>
		<Placemark>
			<name>40</name>
			<visibility>0</visibility>
			<Point>
				<coordinates>-86.9942003698,40.4725593225,9.999999999999998</coordinates>
			</Point>
		</Placemark>
		<Placemark>
			<name>Path</name>
			<visibility>0</visibility>
			<LineString>
				<coordinates>
					-86.9942003698,40.472427,9.999999999999998 -86.99360799999999,40.472427,9.999999999999998 -86.99360799999999,40.4724342,9.999999999999998 -86.9942003698,40.4724342,9.999999999999998 -86.9942003698,40.4724414,9.999999999999998 -86.99360799999999,40.4724414,9.999999999999998 -86.99360799999999,40.4724486,9.999999999999998 -86.9942003698,40.4724486,9.999999999999998 -86.9942003698,40.4724558,9.999999999999998 -86.99360799999999,40.4724558,9.999999999999998 -86.99360799999999,40.472463,9.999999999999998 -86.9942003698,40.472463,9.999999999999998 -86.9942003698,40.4724702,9.999999999999998 -86.99360799999999,40.4724702,9.999999999999998 -86.99360799999999,40.4724774,9.999999999999998 -86.9942003698,40.4724774,9.999999999999998 -86.9942003698,40.4724846,9.999999999999998 -86.99360799999999,40.4724846,9.999999999999998 -86.99360799999999,40.4724918,9.999999999999998 -86.9942003698,40.4724918,9.999999999999998 -86.9942003698,40.472499,9.999999999999998 -86.99360799999999,40.472499,9.999999999999998 -86.99360799999999,40.4725062,9.999999999999998 -86.9942003698,40.4725062,9.999999999999998 -86.9942003698,40.4725134,9.999999999999998 -86.99360799999999,40.4725134,9.999999999999998 -86.99360799999999,40.4725206,9.999999999999998 -86.9942003698,40.4725206,9.999999999999998 -86.9942003698,40.4725278,9.999999999999998 -86.99360799999999,40.4725278,9.999999999999998 -86.99360799999999,40.472535,9.999999999999998 -86.9942003698,40.472535,9.999999999999998 -86.9942003698,40.4725422,9.999999999999998 -86.99360799999999,40.4725422,9.999999999999998 -86.99360799999999,40.4725494,9.999999999999998 -86.9942003698,40.4725494,9.999999999999998 -86.9942003698,40.4725566,9.999999999999998 -86.99360799999999,40.4725566,9.999999999999998 -86.99360799999999,40.4725593225,9.999999999999998 -86.9942003698,40.4725593225,9.999999999999998 
				</coordinates>
			</LineString>
		</Placemark>
		<Placemark>
			<name>naive-5.2-reason-high-run1 (metadata)</name>
			<visibility>0</visibility>
			<description><![CDATA[<table border="1" cellpadding="4"><tr><th>Name</th><td>naive-5.2-reason-high-run1</td></tr><tr><th>Timestamp</th><td>2026-03-07T18:49:46.042667</td></tr><tr><th>Input</th><td>You are a UAV flight planning assistant. Generate a UAV flight plan that fully covers a rectangular plot defined by four corner coordinates.
The input will provide four corner coordinates (latitude, longitude), flight altitude (meters), image width (meters), and overlap percentage.
Compute a set of ordered flight waypoints that cover the entire area using a lawnmower (back-and-forth) pattern.
Output requirements:
Output only plain text.
No explanations.
Provide ordered waypoints covering the area.
Each waypoint must contain: latitude, longitude, altitude.
altitude: 10m
image width: 4m
overlap: 80
coordinates:
{&quot;lat&quot;: 40.472427, &quot;lng&quot;: -86.99420036983601},
{&quot;lat&quot;: 40.47255932254134, &quot;lng&quot;: -86.99360813836627},
{&quot;lat&quot;: 40.472427413383, &quot;lng&quot;: -86.99360799999999},
{&quot;lat&quot;: 40.472559, &quot;lng&quot;: -86.99385806292733},</td></tr><tr><th>Input tokens</th><td>239</td></tr><tr><th>Output tokens</th><td>4948</td></tr><tr><th>Est. cost ($)</th><td>0.069690</td></tr><tr><th>Time (s)</th><td>74.1</td></tr></table><h3>Output</h3><pre>40.4724270000, -86.9942003698, 10
40.4724270000, -86.9936080000, 10
40.4724342000, -86.9936080000, 10
40.4724342000, -86.9942003698, 10
40.4724414000, -86.9942003698, 10
40.4724414000, -86.9936080000, 10
40.4724486000, -86.9936080000, 10
40.4724486000, -86.9942003698, 10
40.4724558000, -86.9942003698, 10
40.4724558000, -86.9936080000, 10
40.4724630000, -86.9936080000, 10
40.4724630000, -86.9942003698, 10
40.4724702000, -86.9942003698, 10
40.4724702000, -86.9936080000, 10
40.4724774000, -86.9936080000, 10
40.4724774000, -86.9942003698, 10
40.4724846000, -86.9942003698, 10
40.4724846000, -86.9936080000, 10
40.4724918000, -86.9936080000, 10
40.4724918000, -86.9942003698, 10
40.4724990000, -86.9942003698, 10
40.4724990000, -86.9936080000, 10
40.4725062000, -86.9936080000, 10
40.4725062000, -86.9942003698, 10
40.4725134000, -86.9942003698, 10
40.4725134000, -86.9936080000, 10
40.4725206000, -86.9936080000, 10
40.4725206000, -86.9942003698, 10
40.4725278000, -86.9942003698, 10
40.4725278000, -86.9936080000, 10
40.4725350000, -86.9936080000, 10
40.4725350000, -86.9942003698, 10
40.4725422000, -86.9942003698, 10
40.4725422000, -86.9936080000, 10
40.4725494000, -86.9936080000, 10
40.4725494000, -86.9942003698, 10
40.4725566000, -86.9942003698, 10
40.4725566000, -86.9936080000, 10
40.4725593225, -86.9936080000, 10
40.4725593225, -86.9942003698, 10</pre>]]></description>
		</Placemark>
	</Folder>
	<Folder>
		<name>naive-5.2-reason-none-run1</name>
		<visibility>0</visibility>
		<Placemark>
			<name>1</name>
			<visibility>0</visibility>
			<Point>
				<coordinates>-86.99420036983599,40.472427,9.999999999999998</coordinates>
			</Point>
		</Placemark>
		<Placemark>
			<name>2</name>
			<visibility>0</visibility>
			<Point>
				<coordinates>-86.993608138366,40.472559322541,9.999999999999998</coordinates>
			</Point>
		</Placemark>
		<Placemark>
			<name>3</name>
			<visibility>0</visibility>
			<Point>
				<coordinates>-86.993858062927,40.472559,9.999999999999998</coordinates>
			</Point>
		</Placemark>
		<Placemark>
			<name>4</name>
			<visibility>0</visibility>
			<Point>
				<coordinates>-86.993607999999,40.472427413383,9.999999999999998</coordinates>
			</Point>
		</Placemark>
		<Placemark>
			<name>5</name>
			<visibility>0</visibility>
			<Point>
				<coordinates>-86.99420036983599,40.472427,9.999999999999998</coordinates>
			</Point>
		</Placemark>
		<Placemark>
			<name>6</name>
			<visibility>0</visibility>
			<Point>
				<coordinates>-86.993608138366,40.472559322541,9.999999999999998</coordinates>
			</Point>
		</Placemark>
		<Placemark>
			<name>Path</name>
			<visibility>0</visibility>
			<LineString>
				<coordinates>
					-86.99420036983599,40.472427,9.999999999999998 -86.993608138366,40.472559322541,9.999999999999998 -86.993858062927,40.472559,9.999999999999998 -86.993607999999,40.472427413383,9.999999999999998 -86.99420036983599,40.472427,9.999999999999998 -86.993608138366,40.472559322541,9.999999999999998 
				</coordinates>
			</LineString>
		</Placemark>
		<Placemark>
			<name>naive-5.2-reason-none-run1 (metadata)</name>
			<visibility>0</visibility>
			<description><![CDATA[<table border="1" cellpadding="4"><tr><th>Name</th><td>naive-5.2-reason-none-run1</td></tr><tr><th>Timestamp</th><td>2026-03-07T18:51:37.599561</td></tr><tr><th>Input</th><td>[cache-bust: dFPJnjNvko8Iau]

You are a UAV flight planning assistant. Generate a UAV flight plan that fully covers a rectangular plot defined by four corner coordinates.
The input will provide four corner coordinates (latitude, longitude), flight altitude (meters), image width (meters), and overlap percentage.
Compute a set of ordered flight waypoints that cover the entire area using a lawnmower (back-and-forth) pattern.
Output requirements:
Output only plain text.
No explanations.
Provide ordered waypoints covering the area.
Each waypoint must contain: latitude, longitude, altitude.
altitude: 10m
image width: 4m
overlap: 80
coordinates:
{&quot;lat&quot;: 40.472427, &quot;lng&quot;: -86.99420036983601},
{&quot;lat&quot;: 40.47255932254134, &quot;lng&quot;: -86.99360813836627},
{&quot;lat&quot;: 40.472427413383, &quot;lng&quot;: -86.99360799999999},
{&quot;lat&quot;: 40.472559, &quot;lng&quot;: -86.99385806292733},</td></tr><tr><th>Input tokens</th><td>239</td></tr><tr><th>Output tokens</th><td>111</td></tr><tr><th>Est. cost ($)</th><td>0.001972</td></tr><tr><th>Time (s)</th><td>2.19</td></tr></table><h3>Output</h3><pre>40.472427000000, -86.994200369836, 10
40.472559322541, -86.993608138366, 10
40.472559000000, -86.993858062927, 10
40.472427413383, -86.993607999999, 10
40.472427000000, -86.994200369836, 10
40.472559322541, -86.993608138366, 10</pre>]]></description>
		</Placemark>
	</Folder>
	<Folder>
		<name>naive-5.2-reason-high-run1</name>
		<visibility>0</visibility>
		<Placemark>
			<name>1</name>
			<visibility>0</visibility>
			<Point>
				<coordinates>-86.9942003698,40.472427,9.999999999999998</coordinates>
			</Point>
		</Placemark>
		<Placemark>
			<name>2</name>
			<visibility>0</visibility>
			<Point>
				<coordinates>-86.99360799999999,40.472427,9.999999999999998</coordinates>
			</Point>
		</Placemark>
		<Placemark>
			<name>3</name>
			<visibility>0</visibility>
			<Point>
				<coordinates>-86.99360799999999,40.4724341993,9.999999999999998</coordinates>
			</Point>
		</Placemark>
		<Placemark>
			<name>4</name>
			<visibility>0</visibility>
			<Point>
				<coordinates>-86.9942003698,40.4724341993,9.999999999999998</coordinates>
			</Point>
		</Placemark>
		<Placemark>
			<name>5</name>
			<visibility>0</visibility>
			<Point>
				<coordinates>-86.9942003698,40.4724413986,9.999999999999998</coordinates>
			</Point>
		</Placemark>
		<Placemark>
			<name>6</name>
			<visibility>0</visibility>
			<Point>
				<coordinates>-86.99360799999999,40.4724413986,9.999999999999998</coordinates>
			</Point>
		</Placemark>
		<Placemark>
			<name>7</name>
			<visibility>0</visibility>
			<Point>
				<coordinates>-86.99360799999999,40.4724485979,9.999999999999998</coordinates>
			</Point>
		</Placemark>
		<Placemark>
			<name>8</name>
			<visibility>0</visibility>
			<Point>
				<coordinates>-86.9942003698,40.4724485979,9.999999999999998</coordinates>
			</Point>
		</Placemark>
		<Placemark>
			<name>9</name>
			<visibility>0</visibility>
			<Point>
				<coordinates>-86.9942003698,40.4724557972,9.999999999999998</coordinates>
			</Point>
		</Placemark>
		<Placemark>
			<name>10</name>
			<visibility>0</visibility>
			<Point>
				<coordinates>-86.99360799999999,40.4724557972,9.999999999999998</coordinates>
			</Point>
		</Placemark>
		<Placemark>
			<name>11</name>
			<visibility>0</visibility>
			<Point>
				<coordinates>-86.99360799999999,40.4724629966,9.999999999999998</coordinates>
			</Point>
		</Placemark>
		<Placemark>
			<name>12</name>
			<visibility>0</visibility>
			<Point>
				<coordinates>-86.9942003698,40.4724629966,9.999999999999998</coordinates>
			</Point>
		</Placemark>
		<Placemark>
			<name>13</name>
			<visibility>0</visibility>
			<Point>
				<coordinates>-86.9942003698,40.4724701959,9.999999999999998</coordinates>
			</Point>
		</Placemark>
		<Placemark>
			<name>14</name>
			<visibility>0</visibility>
			<Point>
				<coordinates>-86.99360799999999,40.4724701959,9.999999999999998</coordinates>
			</Point>
		</Placemark>
		<Placemark>
			<name>15</name>
			<visibility>0</visibility>
			<Point>
				<coordinates>-86.99360799999999,40.4724773952,9.999999999999998</coordinates>
			</Point>
		</Placemark>
		<Placemark>
			<name>16</name>
			<visibility>0</visibility>
			<Point>
				<coordinates>-86.9942003698,40.4724773952,9.999999999999998</coordinates>
			</Point>
		</Placemark>
		<Placemark>
			<name>17</name>
			<visibility>0</visibility>
			<Point>
				<coordinates>-86.9942003698,40.4724845945,9.999999999999998</coordinates>
			</Point>
		</Placemark>
		<Placemark>
			<name>18</name>
			<visibility>0</visibility>
			<Point>
				<coordinates>-86.99360799999999,40.4724845945,9.999999999999998</coordinates>
			</Point>
		</Placemark>
		<Placemark>
			<name>19</name>
			<visibility>0</visibility>
			<Point>
				<coordinates>-86.99360799999999,40.4724917938,9.999999999999998</coordinates>
			</Point>
		</Placemark>
		<Placemark>
			<name>20</name>
			<visibility>0</visibility>
			<Point>
				<coordinates>-86.9942003698,40.4724917938,9.999999999999998</coordinates>
			</Point>
		</Placemark>
		<Placemark>
			<name>21</name>
			<visibility>0</visibility>
			<Point>
				<coordinates>-86.9942003698,40.4724989931,9.999999999999998</coordinates>
			</Point>
		</Placemark>
		<Placemark>
			<name>22</name>
			<visibility>0</visibility>
			<Point>
				<coordinates>-86.99360799999999,40.4724989931,9.999999999999998</coordinates>
			</Point>
		</Placemark>
		<Placemark>
			<name>23</name>
			<visibility>0</visibility>
			<Point>
				<coordinates>-86.99360799999999,40.4725061924,9.999999999999998</coordinates>
			</Point>
		</Placemark>
		<Placemark>
			<name>24</name>
			<visibility>0</visibility>
			<Point>
				<coordinates>-86.9942003698,40.4725061924,9.999999999999998</coordinates>
			</Point>
		</Placemark>
		<Placemark>
			<name>25</name>
			<visibility>0</visibility>
			<Point>
				<coordinates>-86.9942003698,40.4725133917,9.999999999999998</coordinates>
			</Point>
		</Placemark>
		<Placemark>
			<name>26</name>
			<visibility>0</visibility>
			<Point>
				<coordinates>-86.99360799999999,40.4725133917,9.999999999999998</coordinates>
			</Point>
		</Placemark>
		<Placemark>
			<name>27</name>
			<visibility>0</visibility>
			<Point>
				<coordinates>-86.99360799999999,40.472520591,9.999999999999998</coordinates>
			</Point>
		</Placemark>
		<Placemark>
			<name>28</name>
			<visibility>0</visibility>
			<Point>
				<coordinates>-86.9942003698,40.472520591,9.999999999999998</coordinates>
			</Point>
		</Placemark>
		<Placemark>
			<name>29</name>
			<visibility>0</visibility>
			<Point>
				<coordinates>-86.9942003698,40.4725277903,9.999999999999998</coordinates>
			</Point>
		</Placemark>
		<Placemark>
			<name>30</name>
			<visibility>0</visibility>
			<Point>
				<coordinates>-86.99360799999999,40.4725277903,9.999999999999998</coordinates>
			</Point>
		</Placemark>
		<Placemark>
			<name>31</name>
			<visibility>0</visibility>
			<Point>
				<coordinates>-86.99360799999999,40.4725349897,9.999999999999998</coordinates>
			</Point>
		</Placemark>
		<Placemark>
			<name>32</name>
			<visibility>0</visibility>
			<Point>
				<coordinates>-86.9942003698,40.4725349897,9.999999999999998</coordinates>
			</Point>
		</Placemark>
		<Placemark>
			<name>33</name>
			<visibility>0</visibility>
			<Point>
				<coordinates>-86.9942003698,40.472542189,9.999999999999998</coordinates>
			</Point>
		</Placemark>
		<Placemark>
			<name>34</name>
			<visibility>0</visibility>
			<Point>
				<coordinates>-86.99360799999999,40.472542189,9.999999999999998</coordinates>
			</Point>
		</Placemark>
		<Placemark>
			<name>35</name>
			<visibility>0</visibility>
			<Point>
				<coordinates>-86.99360799999999,40.4725493883,9.999999999999998</coordinates>
			</Point>
		</Placemark>
		<Placemark>
			<name>36</name>
			<visibility>0</visibility>
			<Point>
				<coordinates>-86.9942003698,40.4725493883,9.999999999999998</coordinates>
			</Point>
		</Placemark>
		<Placemark>
			<name>37</name>
			<visibility>0</visibility>
			<Point>
				<coordinates>-86.9942003698,40.4725565876,9.999999999999998</coordinates>
			</Point>
		</Placemark>
		<Placemark>
			<name>38</name>
			<visibility>0</visibility>
			<Point>
				<coordinates>-86.99360799999999,40.4725565876,9.999999999999998</coordinates>
			</Point>
		</Placemark>
		<Placemark>
			<name>39</name>
			<visibility>0</visibility>
			<Point>
				<coordinates>-86.99360799999999,40.4725593225,9.999999999999998</coordinates>
			</Point>
		</Placemark>
		<Placemark>
			<name>40</name>
			<visibility>0</visibility>
			<Point>
				<coordinates>-86.9942003698,40.4725593225,9.999999999999998</coordinates>
			</Point>
		</Placemark>
		<Placemark>
			<name>Path</name>
			<visibility>0</visibility>
			<LineString>
				<coordinates>
					-86.9942003698,40.472427,9.999999999999998 -86.99360799999999,40.472427,9.999999999999998 -86.99360799999999,40.4724341993,9.999999999999998 -86.9942003698,40.4724341993,9.999999999999998 -86.9942003698,40.4724413986,9.999999999999998 -86.99360799999999,40.4724413986,9.999999999999998 -86.99360799999999,40.4724485979,9.999999999999998 -86.9942003698,40.4724485979,9.999999999999998 -86.9942003698,40.4724557972,9.999999999999998 -86.99360799999999,40.4724557972,9.999999999999998 -86.99360799999999,40.4724629966,9.999999999999998 -86.9942003698,40.4724629966,9.999999999999998 -86.9942003698,40.4724701959,9.999999999999998 -86.99360799999999,40.4724701959,9.999999999999998 -86.99360799999999,40.4724773952,9.999999999999998 -86.9942003698,40.4724773952,9.999999999999998 -86.9942003698,40.4724845945,9.999999999999998 -86.99360799999999,40.4724845945,9.999999999999998 -86.99360799999999,40.4724917938,9.999999999999998 -86.9942003698,40.4724917938,9.999999999999998 -86.9942003698,40.4724989931,9.999999999999998 -86.99360799999999,40.4724989931,9.999999999999998 -86.99360799999999,40.4725061924,9.999999999999998 -86.9942003698,40.4725061924,9.999999999999998 -86.9942003698,40.4725133917,9.999999999999998 -86.99360799999999,40.4725133917,9.999999999999998 -86.99360799999999,40.472520591,9.999999999999998 -86.9942003698,40.472520591,9.999999999999998 -86.9942003698,40.4725277903,9.999999999999998 -86.99360799999999,40.4725277903,9.999999999999998 -86.99360799999999,40.4725349897,9.999999999999998 -86.9942003698,40.4725349897,9.999999999999998 -86.9942003698,40.472542189,9.999999999999998 -86.99360799999999,40.472542189,9.999999999999998 -86.99360799999999,40.4725493883,9.999999999999998 -86.9942003698,40.4725493883,9.999999999999998 -86.9942003698,40.4725565876,9.999999999999998 -86.99360799999999,40.4725565876,9.999999999999998 -86.99360799999999,40.4725593225,9.999999999999998 -86.9942003698,40.4725593225,9.999999999999998 
				</coordinates>
			</LineString>
		</Placemark>
		<Placemark>
			<name>naive-5.2-reason-high-run1 (metadata)</name>
			<visibility>0</visibility>
			<description><![CDATA[<table border="1" cellpadding="4"><tr><th>Name</th><td>naive-5.2-reason-high-run1</td></tr><tr><th>Timestamp</th><td>2026-03-07T18:53:25.238097</td></tr><tr><th>Input</th><td>[cache-bust: Kjv7T3tIYFfA8t]

You are a UAV flight planning assistant. Generate a UAV flight plan that fully covers a rectangular plot defined by four corner coordinates.
The input will provide four corner coordinates (latitude, longitude), flight altitude (meters), image width (meters), and overlap percentage.
Compute a set of ordered flight waypoints that cover the entire area using a lawnmower (back-and-forth) pattern.
Output requirements:
Output only plain text.
No explanations.
Provide ordered waypoints covering the area.
Each waypoint must contain: latitude, longitude, altitude.
altitude: 10m
image width: 4m
overlap: 80
coordinates:
{&quot;lat&quot;: 40.472427, &quot;lng&quot;: -86.99420036983601},
{&quot;lat&quot;: 40.47255932254134, &quot;lng&quot;: -86.99360813836627},
{&quot;lat&quot;: 40.472427413383, &quot;lng&quot;: -86.99360799999999},
{&quot;lat&quot;: 40.472559, &quot;lng&quot;: -86.99385806292733},</td></tr><tr><th>Input tokens</th><td>243</td></tr><tr><th>Output tokens</th><td>6962</td></tr><tr><th>Est. cost ($)</th><td>0.097893</td></tr><tr><th>Time (s)</th><td>107.35</td></tr></table><h3>Output</h3><pre>40.4724270000, -86.9942003698, 10
40.4724270000, -86.9936080000, 10
40.4724341993, -86.9936080000, 10
40.4724341993, -86.9942003698, 10
40.4724413986, -86.9942003698, 10
40.4724413986, -86.9936080000, 10
40.4724485979, -86.9936080000, 10
40.4724485979, -86.9942003698, 10
40.4724557972, -86.9942003698, 10
40.4724557972, -86.9936080000, 10
40.4724629966, -86.9936080000, 10
40.4724629966, -86.9942003698, 10
40.4724701959, -86.9942003698, 10
40.4724701959, -86.9936080000, 10
40.4724773952, -86.9936080000, 10
40.4724773952, -86.9942003698, 10
40.4724845945, -86.9942003698, 10
40.4724845945, -86.9936080000, 10
40.4724917938, -86.9936080000, 10
40.4724917938, -86.9942003698, 10
40.4724989931, -86.9942003698, 10
40.4724989931, -86.9936080000, 10
40.4725061924, -86.9936080000, 10
40.4725061924, -86.9942003698, 10
40.4725133917, -86.9942003698, 10
40.4725133917, -86.9936080000, 10
40.4725205910, -86.9936080000, 10
40.4725205910, -86.9942003698, 10
40.4725277903, -86.9942003698, 10
40.4725277903, -86.9936080000, 10
40.4725349897, -86.9936080000, 10
40.4725349897, -86.9942003698, 10
40.4725421890, -86.9942003698, 10
40.4725421890, -86.9936080000, 10
40.4725493883, -86.9936080000, 10
40.4725493883, -86.9942003698, 10
40.4725565876, -86.9942003698, 10
40.4725565876, -86.9936080000, 10
40.4725593225, -86.9936080000, 10
40.4725593225, -86.9942003698, 10</pre>]]></description>
		</Placemark>
	</Folder>
	<Folder>
		<name>smart-5.2-code-interpreter-run1</name>
		<visibility>0</visibility>
		<Placemark>
			<name>1</name>
			<visibility>0</visibility>
			<Point>
				<coordinates>-86.99388428324799,40.47254888895,9.999999999999998</coordinates>
			</Point>
		</Placemark>
		<Placemark>
			<name>2</name>
			<visibility>0</visibility>
			<Point>
				<coordinates>-86.993789949952,40.472559087904,9.999999999999998</coordinates>
			</Point>
		</Placemark>
		<Placemark>
			<name>3</name>
			<visibility>0</visibility>
			<Point>
				<coordinates>-86.993721836977,40.472559175807,9.999999999999998</coordinates>
			</Point>
		</Placemark>
		<Placemark>
			<name>4</name>
			<visibility>0</visibility>
			<Point>
				<coordinates>-86.99381617027301,40.472548976853,9.999999999999998</coordinates>
			</Point>
		</Placemark>
		<Placemark>
			<name>5</name>
			<visibility>0</visibility>
			<Point>
				<coordinates>-86.99374805729801,40.472549064756,9.999999999999998</coordinates>
			</Point>
		</Placemark>
		<Placemark>
			<name>6</name>
			<visibility>0</visibility>
			<Point>
				<coordinates>-86.993653724003,40.47255926371,9.999999999999998</coordinates>
			</Point>
		</Placemark>
		<Placemark>
			<name>7</name>
			<visibility>0</visibility>
			<Point>
				<coordinates>-86.993585611028,40.472559351614,9.999999999999998</coordinates>
			</Point>
		</Placemark>
		<Placemark>
			<name>8</name>
			<visibility>0</visibility>
			<Point>
				<coordinates>-86.993679944324,40.47254915266,9.999999999999998</coordinates>
			</Point>
		</Placemark>
		<Placemark>
			<name>9</name>
			<visibility>0</visibility>
			<Point>
				<coordinates>-86.993611831349,40.472549240563,9.999999999999998</coordinates>
			</Point>
		</Placemark>
		<Placemark>
			<name>10</name>
			<visibility>0</visibility>
			<Point>
				<coordinates>-86.993517498053,40.472559439517,9.999999999999998</coordinates>
			</Point>
		</Placemark>
		<Placemark>
			<name>11</name>
			<visibility>0</visibility>
			<Point>
				<coordinates>-86.99344938507799,40.472559527421,9.999999999999998</coordinates>
			</Point>
		</Placemark>
		<Placemark>
			<name>12</name>
			<visibility>0</visibility>
			<Point>
				<coordinates>-86.993543718374,40.472549328467,9.999999999999998</coordinates>
			</Point>
		</Placemark>
		<Placemark>
			<name>13</name>
			<visibility>0</visibility>
			<Point>
				<coordinates>-86.993475605399,40.47254941637,9.999999999999998</coordinates>
			</Point>
		</Placemark>
		<Placemark>
			<name>14</name>
			<visibility>0</visibility>
			<Point>
				<coordinates>-86.993381272104,40.472559615324,9.999999999999998</coordinates>
			</Point>
		</Placemark>
		<Placemark>
			<name>15</name>
			<visibility>0</visibility>
			<Point>
				<coordinates>-86.993313159129,40.472559703228,9.999999999999998</coordinates>
			</Point>
		</Placemark>
		<Placemark>
			<name>16</name>
			<visibility>0</visibility>
			<Point>
				<coordinates>-86.99340749242501,40.472549504274,9.999999999999998</coordinates>
			</Point>
		</Placemark>
		<Placemark>
			<name>17</name>
			<visibility>0</visibility>
			<Point>
				<coordinates>-86.99333937945001,40.472549592177,9.999999999999998</coordinates>
			</Point>
		</Placemark>
		<Placemark>
			<name>18</name>
			<visibility>0</visibility>
			<Point>
				<coordinates>-86.993245046154,40.472559791131,9.999999999999998</coordinates>
			</Point>
		</Placemark>
		<Placemark>
			<name>19</name>
			<visibility>0</visibility>
			<Point>
				<coordinates>-86.993176933179,40.472559879035,9.999999999999998</coordinates>
			</Point>
		</Placemark>
		<Placemark>
			<name>20</name>
			<visibility>0</visibility>
			<Point>
				<coordinates>-86.99327126647501,40.472549679,9.999999999999998</coordinates>
			</Point>
		</Placemark>
		<Placemark>
			<name>21</name>
			<visibility>0</visibility>
			<Point>
				<coordinates>-86.9932031535,40.472549767,9.999999999999998</coordinates>
			</Point>
		</Placemark>
		<Placemark>
			<name>22</name>
			<visibility>0</visibility>
			<Point>
				<coordinates>-86.99310882020499,40.472559966,9.999999999999998</coordinates>
			</Point>
		</Placemark>
		<Placemark>
			<name>23</name>
			<visibility>0</visibility>
			<Point>
				<coordinates>-86.99304070722999,40.472560054,9.999999999999998</coordinates>
			</Point>
		</Placemark>
		<Placemark>
			<name>24</name>
			<visibility>0</visibility>
			<Point>
				<coordinates>-86.993135040526,40.472549855,9.999999999999998</coordinates>
			</Point>
		</Placemark>
		<Placemark>
			<name>25</name>
			<visibility>0</visibility>
			<Point>
				<coordinates>-86.993066927551,40.472549943,9.999999999999998</coordinates>
			</Point>
		</Placemark>
		<Placemark>
			<name>26</name>
			<visibility>0</visibility>
			<Point>
				<coordinates>-86.99297259425499,40.472560142,9.999999999999998</coordinates>
			</Point>
		</Placemark>
		<Placemark>
			<name>27</name>
			<visibility>0</visibility>
			<Point>
				<coordinates>-86.99290448127999,40.47256023,9.999999999999998</coordinates>
			</Point>
		</Placemark>
		<Placemark>
			<name>28</name>
			<visibility>0</visibility>
			<Point>
				<coordinates>-86.992998814576,40.472550031,9.999999999999998</coordinates>
			</Point>
		</Placemark>
		<Placemark>
			<name>29</name>
			<visibility>0</visibility>
			<Point>
				<coordinates>-86.992930701601,40.472550119,9.999999999999998</coordinates>
			</Point>
		</Placemark>
		<Placemark>
			<name>30</name>
			<visibility>0</visibility>
			<Point>
				<coordinates>-86.992836368306,40.472560318,9.999999999999998</coordinates>
			</Point>
		</Placemark>
		<Placemark>
			<name>31</name>
			<visibility>0</visibility>
			<Point>
				<coordinates>-86.992768255331,40.472560406,9.999999999999998</coordinates>
			</Point>
		</Placemark>
		<Placemark>
			<name>32</name>
			<visibility>0</visibility>
			<Point>
				<coordinates>-86.99286258862701,40.472550207,9.999999999999998</coordinates>
			</Point>
		</Placemark>
		<Placemark>
			<name>33</name>
			<visibility>0</visibility>
			<Point>
				<coordinates>-86.992794475652,40.472550295,9.999999999999998</coordinates>
			</Point>
		</Placemark>
		<Placemark>
			<name>34</name>
			<visibility>0</visibility>
			<Point>
				<coordinates>-86.992700142356,40.472560494,9.999999999999998</coordinates>
			</Point>
		</Placemark>
		<Placemark>
			<name>35</name>
			<visibility>0</visibility>
			<Point>
				<coordinates>-86.992632029381,40.472560582,9.999999999999998</coordinates>
			</Point>
		</Placemark>
		<Placemark>
			<name>36</name>
			<visibility>0</visibility>
			<Point>
				<coordinates>-86.992726362677,40.472550383,9.999999999999998</coordinates>
			</Point>
		</Placemark>
		<Placemark>
			<name>37</name>
			<visibility>0</visibility>
			<Point>
				<coordinates>-86.992658249702,40.472550471,9.999999999999998</coordinates>
			</Point>
		</Placemark>
		<Placemark>
			<name>38</name>
			<visibility>0</visibility>
			<Point>
				<coordinates>-86.99256391640699,40.47256067,9.999999999999998</coordinates>
			</Point>
		</Placemark>
		<Placemark>
			<name>39</name>
			<visibility>0</visibility>
			<Point>
				<coordinates>-86.99249580343201,40.472560758,9.999999999999998</coordinates>
			</Point>
		</Placemark>
		<Placemark>
			<name>40</name>
			<visibility>0</visibility>
			<Point>
				<coordinates>-86.992590136728,40.472550559,9.999999999999998</coordinates>
			</Point>
		</Placemark>
		<Placemark>
			<name>41</name>
			<visibility>0</visibility>
			<Point>
				<coordinates>-86.992522023753,40.472550647,9.999999999999998</coordinates>
			</Point>
		</Placemark>
		<Placemark>
			<name>42</name>
			<visibility>0</visibility>
			<Point>
				<coordinates>-86.99242769045701,40.472560846,9.999999999999998</coordinates>
			</Point>
		</Placemark>
		<Placemark>
			<name>Path</name>
			<visibility>0</visibility>
			<LineString>
				<coordinates>
					-86.99388428324799,40.47254888895,9.999999999999998 -86.993789949952,40.472559087904,9.999999999999998 -86.993721836977,40.472559175807,9.999999999999998 -86.99381617027301,40.472548976853,9.999999999999998 -86.99374805729801,40.472549064756,9.999999999999998 -86.993653724003,40.47255926371,9.999999999999998 -86.993585611028,40.472559351614,9.999999999999998 -86.993679944324,40.47254915266,9.999999999999998 -86.993611831349,40.472549240563,9.999999999999998 -86.993517498053,40.472559439517,9.999999999999998 -86.99344938507799,40.472559527421,9.999999999999998 -86.993543718374,40.472549328467,9.999999999999998 -86.993475605399,40.47254941637,9.999999999999998 -86.993381272104,40.472559615324,9.999999999999998 -86.993313159129,40.472559703228,9.999999999999998 -86.99340749242501,40.472549504274,9.999999999999998 -86.99333937945001,40.472549592177,9.999999999999998 -86.993245046154,40.472559791131,9.999999999999998 -86.993176933179,40.472559879035,9.999999999999998 -86.99327126647501,40.472549679,9.999999999999998 -86.9932031535,40.472549767,9.999999999999998 -86.99310882020499,40.472559966,9.999999999999998 -86.99304070722999,40.472560054,9.999999999999998 -86.993135040526,40.472549855,9.999999999999998 -86.993066927551,40.472549943,9.999999999999998 -86.99297259425499,40.472560142,9.999999999999998 -86.99290448127999,40.47256023,9.999999999999998 -86.992998814576,40.472550031,9.999999999999998 -86.992930701601,40.472550119,9.999999999999998 -86.992836368306,40.472560318,9.999999999999998 -86.992768255331,40.472560406,9.999999999999998 -86.99286258862701,40.472550207,9.999999999999998 -86.992794475652,40.472550295,9.999999999999998 -86.992700142356,40.472560494,9.999999999999998 -86.992632029381,40.472560582,9.999999999999998 -86.992726362677,40.472550383,9.999999999999998 -86.992658249702,40.472550471,9.999999999999998 -86.99256391640699,40.47256067,9.999999999999998 -86.99249580343201,40.472560758,9.999999999999998 -86.992590136728,40.472550559,9.999999999999998 -86.992522023753,40.472550647,9.999999999999998 -86.99242769045701,40.472560846,9.999999999999998 
				</coordinates>
			</LineString>
		</Placemark>
		<Placemark>
			<name>smart-5.2-code-interpreter-run1 (metadata)</name>
			<visibility>0</visibility>
			<description><![CDATA[<table border="1" cellpadding="4"><tr><th>Name</th><td>smart-5.2-code-interpreter-run1</td></tr><tr><th>Timestamp</th><td>2026-03-07T18:54:33.648348</td></tr><tr><th>Input</th><td>[cache-bust: blMHaRUI0geZzn]

You are a UAV flight planning assistant. **Use the code interpreter tool to compute the flight plan.** Generate a UAV flight plan that fully covers a rectangular plot defined by four corner coordinates.
The input will provide four corner coordinates (latitude, longitude), flight altitude (meters), image width (meters), and overlap percentage.
Compute a set of ordered flight waypoints that cover the entire area using a lawnmower (back-and-forth) pattern.
Output requirements:
Output only plain text.
No explanations.
Provide ordered waypoints covering the area.
Each waypoint must contain: latitude, longitude, altitude.
altitude: 10m
image width: 4m
overlap: 80
coordinates:
{&quot;lat&quot;: 40.472427, &quot;lng&quot;: -86.99420036983601},
{&quot;lat&quot;: 40.47255932254134, &quot;lng&quot;: -86.99360813836627},
{&quot;lat&quot;: 40.472427413383, &quot;lng&quot;: -86.99360799999999},
{&quot;lat&quot;: 40.472559, &quot;lng&quot;: -86.99385806292733},</td></tr><tr><th>Input tokens</th><td>2884</td></tr><tr><th>Output tokens</th><td>1624</td></tr><tr><th>Est. cost ($)</th><td>0.027783</td></tr><tr><th>Time (s)</th><td>68.4</td></tr></table><h3>Output</h3><pre>40.472548888950, -86.993884283248, 10
40.472559087904, -86.993789949952, 10
40.472559175807, -86.993721836977, 10
40.472548976853, -86.993816170273, 10
40.472549064756, -86.993748057298, 10
40.472559263710, -86.993653724003, 10
40.472559351614, -86.993585611028, 10
40.472549152660, -86.993679944324, 10
40.472549240563, -86.993611831349, 10
40.472559439517, -86.993517498053, 10
40.472559527421, -86.993449385078, 10
40.472549328467, -86.993543718374, 10
40.472549416370, -86.993475605399, 10
40.472559615324, -86.993381272104, 10
40.472559703228, -86.993313159129, 10
40.472549504274, -86.993407492425, 10
40.472549592177, -86.993339379450, 10
40.472559791131, -86.993245046154, 10
40.472559879035, -86.993176933179, 10
40.472549679, -86.993271266475, 10
40.472549767, -86.993203153500, 10
40.472559966, -86.993108820205, 10
40.472560054, -86.993040707230, 10
40.472549855, -86.993135040526, 10
40.472549943, -86.993066927551, 10
40.472560142, -86.992972594255, 10
40.472560230, -86.992904481280, 10
40.472550031, -86.992998814576, 10
40.472550119, -86.992930701601, 10
40.472560318, -86.992836368306, 10
40.472560406, -86.992768255331, 10
40.472550207, -86.992862588627, 10
40.472550295, -86.992794475652, 10
40.472560494, -86.992700142356, 10
40.472560582, -86.992632029381, 10
40.472550383, -86.992726362677, 10
40.472550471, -86.992658249702, 10
40.472560670, -86.992563916407, 10
40.472560758, -86.992495803432, 10
40.472550559, -86.992590136728, 10
40.472550647, -86.992522023753, 10
40.472560846, -86.992427690457, 10</pre>]]></description>
		</Placemark>
	</Folder>
	<Folder>
		<name>naive-5.4-reason-none-run1</name>
		<visibility>0</visibility>
		<Placemark>
			<name>1</name>
			<visibility>0</visibility>
			<Point>
				<coordinates>-86.99420037,40.472427,9.999999999999998</coordinates>
			</Point>
		</Placemark>
		<Placemark>
			<name>2</name>
			<visibility>0</visibility>
			<Point>
				<coordinates>-86.993608138,40.472559323,9.999999999999998</coordinates>
			</Point>
		</Placemark>
		<Placemark>
			<name>3</name>
			<visibility>0</visibility>
			<Point>
				<coordinates>-86.99360799900001,40.472554923,9.999999999999998</coordinates>
			</Point>
		</Placemark>
		<Placemark>
			<name>4</name>
			<visibility>0</visibility>
			<Point>
				<coordinates>-86.99420023099999,40.472422601,9.999999999999998</coordinates>
			</Point>
		</Placemark>
		<Placemark>
			<name>5</name>
			<visibility>0</visibility>
			<Point>
				<coordinates>-86.994200092,40.472418202,9.999999999999998</coordinates>
			</Point>
		</Placemark>
		<Placemark>
			<name>6</name>
			<visibility>0</visibility>
			<Point>
				<coordinates>-86.993607861,40.472550524,9.999999999999998</coordinates>
			</Point>
		</Placemark>
		<Placemark>
			<name>7</name>
			<visibility>0</visibility>
			<Point>
				<coordinates>-86.993607723,40.472546125,9.999999999999998</coordinates>
			</Point>
		</Placemark>
		<Placemark>
			<name>8</name>
			<visibility>0</visibility>
			<Point>
				<coordinates>-86.994199954,40.472413803,9.999999999999998</coordinates>
			</Point>
		</Placemark>
		<Placemark>
			<name>9</name>
			<visibility>0</visibility>
			<Point>
				<coordinates>-86.994199815,40.472409404,9.999999999999998</coordinates>
			</Point>
		</Placemark>
		<Placemark>
			<name>10</name>
			<visibility>0</visibility>
			<Point>
				<coordinates>-86.993607584,40.472541726,9.999999999999998</coordinates>
			</Point>
		</Placemark>
		<Placemark>
			<name>11</name>
			<visibility>0</visibility>
			<Point>
				<coordinates>-86.993607446,40.472537327,9.999999999999998</coordinates>
			</Point>
		</Placemark>
		<Placemark>
			<name>12</name>
			<visibility>0</visibility>
			<Point>
				<coordinates>-86.993850438,40.472409,9.999999999999998</coordinates>
			</Point>
		</Placemark>
		<Placemark>
			<name>13</name>
			<visibility>0</visibility>
			<Point>
				<coordinates>-86.993850576,40.472540678,9.999999999999998</coordinates>
			</Point>
		</Placemark>
		<Placemark>
			<name>14</name>
			<visibility>0</visibility>
			<Point>
				<coordinates>-86.99385071499999,40.472536278,9.999999999999998</coordinates>
			</Point>
		</Placemark>
		<Placemark>
			<name>15</name>
			<visibility>0</visibility>
			<Point>
				<coordinates>-86.993850577,40.472404601,9.999999999999998</coordinates>
			</Point>
		</Placemark>
		<Placemark>
			<name>16</name>
			<visibility>0</visibility>
			<Point>
				<coordinates>-86.993850438,40.472400202,9.999999999999998</coordinates>
			</Point>
		</Placemark>
		<Placemark>
			<name>17</name>
			<visibility>0</visibility>
			<Point>
				<coordinates>-86.993850577,40.472531879,9.999999999999998</coordinates>
			</Point>
		</Placemark>
		<Placemark>
			<name>18</name>
			<visibility>0</visibility>
			<Point>
				<coordinates>-86.99385071499999,40.47252748,9.999999999999998</coordinates>
			</Point>
		</Placemark>
		<Placemark>
			<name>19</name>
			<visibility>0</visibility>
			<Point>
				<coordinates>-86.993850577,40.472395803,9.999999999999998</coordinates>
			</Point>
		</Placemark>
		<Placemark>
			<name>20</name>
			<visibility>0</visibility>
			<Point>
				<coordinates>-86.993850438,40.472391404,9.999999999999998</coordinates>
			</Point>
		</Placemark>
		<Placemark>
			<name>21</name>
			<visibility>0</visibility>
			<Point>
				<coordinates>-86.993850577,40.472523081,9.999999999999998</coordinates>
			</Point>
		</Placemark>
		<Placemark>
			<name>22</name>
			<visibility>0</visibility>
			<Point>
				<coordinates>-86.99385071499999,40.472518682,9.999999999999998</coordinates>
			</Point>
		</Placemark>
		<Placemark>
			<name>23</name>
			<visibility>0</visibility>
			<Point>
				<coordinates>-86.993850577,40.472387005,9.999999999999998</coordinates>
			</Point>
		</Placemark>
		<Placemark>
			<name>24</name>
			<visibility>0</visibility>
			<Point>
				<coordinates>-86.993850438,40.472382606,9.999999999999998</coordinates>
			</Point>
		</Placemark>
		<Placemark>
			<name>25</name>
			<visibility>0</visibility>
			<Point>
				<coordinates>-86.993850577,40.472514283,9.999999999999998</coordinates>
			</Point>
		</Placemark>
		<Placemark>
			<name>26</name>
			<visibility>0</visibility>
			<Point>
				<coordinates>-86.99385071499999,40.472509884,9.999999999999998</coordinates>
			</Point>
		</Placemark>
		<Placemark>
			<name>27</name>
			<visibility>0</visibility>
			<Point>
				<coordinates>-86.993850577,40.472378207,9.999999999999998</coordinates>
			</Point>
		</Placemark>
		<Placemark>
			<name>28</name>
			<visibility>0</visibility>
			<Point>
				<coordinates>-86.993850438,40.472373808,9.999999999999998</coordinates>
			</Point>
		</Placemark>
		<Placemark>
			<name>29</name>
			<visibility>0</visibility>
			<Point>
				<coordinates>-86.993850577,40.472505485,9.999999999999998</coordinates>
			</Point>
		</Placemark>
		<Placemark>
			<name>30</name>
			<visibility>0</visibility>
			<Point>
				<coordinates>-86.99385071499999,40.472501086,9.999999999999998</coordinates>
			</Point>
		</Placemark>
		<Placemark>
			<name>31</name>
			<visibility>0</visibility>
			<Point>
				<coordinates>-86.993850577,40.472369409,9.999999999999998</coordinates>
			</Point>
		</Placemark>
		<Placemark>
			<name>32</name>
			<visibility>0</visibility>
			<Point>
				<coordinates>-86.993850438,40.47236501,9.999999999999998</coordinates>
			</Point>
		</Placemark>
		<Placemark>
			<name>33</name>
			<visibility>0</visibility>
			<Point>
				<coordinates>-86.993850577,40.472496687,9.999999999999998</coordinates>
			</Point>
		</Placemark>
		<Placemark>
			<name>34</name>
			<visibility>0</visibility>
			<Point>
				<coordinates>-86.99385071499999,40.472492288,9.999999999999998</coordinates>
			</Point>
		</Placemark>
		<Placemark>
			<name>35</name>
			<visibility>0</visibility>
			<Point>
				<coordinates>-86.993850577,40.472360611,9.999999999999998</coordinates>
			</Point>
		</Placemark>
		<Placemark>
			<name>36</name>
			<visibility>0</visibility>
			<Point>
				<coordinates>-86.993850438,40.472356212,9.999999999999998</coordinates>
			</Point>
		</Placemark>
		<Placemark>
			<name>37</name>
			<visibility>0</visibility>
			<Point>
				<coordinates>-86.993850577,40.472487889,9.999999999999998</coordinates>
			</Point>
		</Placemark>
		<Placemark>
			<name>38</name>
			<visibility>0</visibility>
			<Point>
				<coordinates>-86.99385071499999,40.47248349,9.999999999999998</coordinates>
			</Point>
		</Placemark>
		<Placemark>
			<name>39</name>
			<visibility>0</visibility>
			<Point>
				<coordinates>-86.993850577,40.472351813,9.999999999999998</coordinates>
			</Point>
		</Placemark>
		<Placemark>
			<name>40</name>
			<visibility>0</visibility>
			<Point>
				<coordinates>-86.993850438,40.472347414,9.999999999999998</coordinates>
			</Point>
		</Placemark>
		<Placemark>
			<name>41</name>
			<visibility>0</visibility>
			<Point>
				<coordinates>-86.993850577,40.472479091,9.999999999999998</coordinates>
			</Point>
		</Placemark>
		<Placemark>
			<name>42</name>
			<visibility>0</visibility>
			<Point>
				<coordinates>-86.99385071499999,40.472474692,9.999999999999998</coordinates>
			</Point>
		</Placemark>
		<Placemark>
			<name>43</name>
			<visibility>0</visibility>
			<Point>
				<coordinates>-86.993850577,40.472343015,9.999999999999998</coordinates>
			</Point>
		</Placemark>
		<Placemark>
			<name>44</name>
			<visibility>0</visibility>
			<Point>
				<coordinates>-86.993850438,40.472338616,9.999999999999998</coordinates>
			</Point>
		</Placemark>
		<Placemark>
			<name>45</name>
			<visibility>0</visibility>
			<Point>
				<coordinates>-86.993850577,40.472470293,9.999999999999998</coordinates>
			</Point>
		</Placemark>
		<Placemark>
			<name>46</name>
			<visibility>0</visibility>
			<Point>
				<coordinates>-86.99385071499999,40.472465894,9.999999999999998</coordinates>
			</Point>
		</Placemark>
		<Placemark>
			<name>47</name>
			<visibility>0</visibility>
			<Point>
				<coordinates>-86.993850577,40.472334217,9.999999999999998</coordinates>
			</Point>
		</Placemark>
		<Placemark>
			<name>48</name>
			<visibility>0</visibility>
			<Point>
				<coordinates>-86.993850438,40.472329818,9.999999999999998</coordinates>
			</Point>
		</Placemark>
		<Placemark>
			<name>49</name>
			<visibility>0</visibility>
			<Point>
				<coordinates>-86.993850577,40.472461495,9.999999999999998</coordinates>
			</Point>
		</Placemark>
		<Placemark>
			<name>50</name>
			<visibility>0</visibility>
			<Point>
				<coordinates>-86.99385071499999,40.472457096,9.999999999999998</coordinates>
			</Point>
		</Placemark>
		<Placemark>
			<name>51</name>
			<visibility>0</visibility>
			<Point>
				<coordinates>-86.993850577,40.472325419,9.999999999999998</coordinates>
			</Point>
		</Placemark>
		<Placemark>
			<name>52</name>
			<visibility>0</visibility>
			<Point>
				<coordinates>-86.993850438,40.47232102,9.999999999999998</coordinates>
			</Point>
		</Placemark>
		<Placemark>
			<name>53</name>
			<visibility>0</visibility>
			<Point>
				<coordinates>-86.993850577,40.472452697,9.999999999999998</coordinates>
			</Point>
		</Placemark>
		<Placemark>
			<name>54</name>
			<visibility>0</visibility>
			<Point>
				<coordinates>-86.99385071499999,40.472448298,9.999999999999998</coordinates>
			</Point>
		</Placemark>
		<Placemark>
			<name>55</name>
			<visibility>0</visibility>
			<Point>
				<coordinates>-86.993850577,40.472316621,9.999999999999998</coordinates>
			</Point>
		</Placemark>
		<Placemark>
			<name>56</name>
			<visibility>0</visibility>
			<Point>
				<coordinates>-86.993850438,40.472312222,9.999999999999998</coordinates>
			</Point>
		</Placemark>
		<Placemark>
			<name>57</name>
			<visibility>0</visibility>
			<Point>
				<coordinates>-86.993850577,40.472443899,9.999999999999998</coordinates>
			</Point>
		</Placemark>
		<Placemark>
			<name>58</name>
			<visibility>0</visibility>
			<Point>
				<coordinates>-86.99385071499999,40.4724395,9.999999999999998</coordinates>
			</Point>
		</Placemark>
		<Placemark>
			<name>59</name>
			<visibility>0</visibility>
			<Point>
				<coordinates>-86.993850577,40.472307823,9.999999999999998</coordinates>
			</Point>
		</Placemark>
		<Placemark>
			<name>60</name>
			<visibility>0</visibility>
			<Point>
				<coordinates>-86.993850438,40.472303424,9.999999999999998</coordinates>
			</Point>
		</Placemark>
		<Placemark>
			<name>61</name>
			<visibility>0</visibility>
			<Point>
				<coordinates>-86.993850577,40.472435101,9.999999999999998</coordinates>
			</Point>
		</Placemark>
		<Placemark>
			<name>62</name>
			<visibility>0</visibility>
			<Point>
				<coordinates>-86.99385071499999,40.472430702,9.999999999999998</coordinates>
			</Point>
		</Placemark>
		<Placemark>
			<name>63</name>
			<visibility>0</visibility>
			<Point>
				<coordinates>-86.993850577,40.472299025,9.999999999999998</coordinates>
			</Point>
		</Placemark>
		<Placemark>
			<name>64</name>
			<visibility>0</visibility>
			<Point>
				<coordinates>-86.993850438,40.472294626,9.999999999999998</coordinates>
			</Point>
		</Placemark>
		<Placemark>
			<name>65</name>
			<visibility>0</visibility>
			<Point>
				<coordinates>-86.993850577,40.472426303,9.999999999999998</coordinates>
			</Point>
		</Placemark>
		<Placemark>
			<name>66</name>
			<visibility>0</visibility>
			<Point>
				<coordinates>-86.99385071499999,40.472421904,9.999999999999998</coordinates>
			</Point>
		</Placemark>
		<Placemark>
			<name>67</name>
			<visibility>0</visibility>
			<Point>
				<coordinates>-86.993850577,40.472290227,9.999999999999998</coordinates>
			</Point>
		</Placemark>
		<Placemark>
			<name>68</name>
			<visibility>0</visibility>
			<Point>
				<coordinates>-86.993850438,40.472285828,9.999999999999998</coordinates>
			</Point>
		</Placemark>
		<Placemark>
			<name>69</name>
			<visibility>0</visibility>
			<Point>
				<coordinates>-86.993850577,40.472417505,9.999999999999998</coordinates>
			</Point>
		</Placemark>
		<Placemark>
			<name>70</name>
			<visibility>0</visibility>
			<Point>
				<coordinates>-86.99385071499999,40.472413106,9.999999999999998</coordinates>
			</Point>
		</Placemark>
		<Placemark>
			<name>71</name>
			<visibility>0</visibility>
			<Point>
				<coordinates>-86.993850577,40.472281429,9.999999999999998</coordinates>
			</Point>
		</Placemark>
		<Placemark>
			<name>72</name>
			<visibility>0</visibility>
			<Point>
				<coordinates>-86.993850438,40.47227703,9.999999999999998</coordinates>
			</Point>
		</Placemark>
		<Placemark>
			<name>73</name>
			<visibility>0</visibility>
			<Point>
				<coordinates>-86.993850577,40.472408707,9.999999999999998</coordinates>
			</Point>
		</Placemark>
		<Placemark>
			<name>74</name>
			<visibility>0</visibility>
			<Point>
				<coordinates>-86.99385071499999,40.472404308,9.999999999999998</coordinates>
			</Point>
		</Placemark>
		<Placemark>
			<name>75</name>
			<visibility>0</visibility>
			<Point>
				<coordinates>-86.993850577,40.472272631,9.999999999999998</coordinates>
			</Point>
		</Placemark>
		<Placemark>
			<name>76</name>
			<visibility>0</visibility>
			<Point>
				<coordinates>-86.993850438,40.472268232,9.999999999999998</coordinates>
			</Point>
		</Placemark>
		<Placemark>
			<name>77</name>
			<visibility>0</visibility>
			<Point>
				<coordinates>-86.993850577,40.472399909,9.999999999999998</coordinates>
			</Point>
		</Placemark>
		<Placemark>
			<name>78</name>
			<visibility>0</visibility>
			<Point>
				<coordinates>-86.99385071499999,40.47239551,9.999999999999998</coordinates>
			</Point>
		</Placemark>
		<Placemark>
			<name>79</name>
			<visibility>0</visibility>
			<Point>
				<coordinates>-86.993850577,40.472263833,9.999999999999998</coordinates>
			</Point>
		</Placemark>
		<Placemark>
			<name>80</name>
			<visibility>0</visibility>
			<Point>
				<coordinates>-86.993850438,40.472259434,9.999999999999998</coordinates>
			</Point>
		</Placemark>
		<Placemark>
			<name>81</name>
			<visibility>0</visibility>
			<Point>
				<coordinates>-86.993850577,40.472391111,9.999999999999998</coordinates>
			</Point>
		</Placemark>
		<Placemark>
			<name>82</name>
			<visibility>0</visibility>
			<Point>
				<coordinates>-86.99385071499999,40.472386712,9.999999999999998</coordinates>
			</Point>
		</Placemark>
		<Placemark>
			<name>83</name>
			<visibility>0</visibility>
			<Point>
				<coordinates>-86.993850577,40.472255035,9.999999999999998</coordinates>
			</Point>
		</Placemark>
		<Placemark>
			<name>84</name>
			<visibility>0</visibility>
			<Point>
				<coordinates>-86.993850438,40.472250636,9.999999999999998</coordinates>
			</Point>
		</Placemark>
		<Placemark>
			<name>85</name>
			<visibility>0</visibility>
			<Point>
				<coordinates>-86.993850577,40.472382313,9.999999999999998</coordinates>
			</Point>
		</Placemark>
		<Placemark>
			<name>86</name>
			<visibility>0</visibility>
			<Point>
				<coordinates>-86.99385071499999,40.472377914,9.999999999999998</coordinates>
			</Point>
		</Placemark>
		<Placemark>
			<name>87</name>
			<visibility>0</visibility>
			<Point>
				<coordinates>-86.993850577,40.472246237,9.999999999999998</coordinates>
			</Point>
		</Placemark>
		<Placemark>
			<name>88</name>
			<visibility>0</visibility>
			<Point>
				<coordinates>-86.993850438,40.472241838,9.999999999999998</coordinates>
			</Point>
		</Placemark>
		<Placemark>
			<name>89</name>
			<visibility>0</visibility>
			<Point>
				<coordinates>-86.993850577,40.472373515,9.999999999999998</coordinates>
			</Point>
		</Placemark>
		<Placemark>
			<name>90</name>
			<visibility>0</visibility>
			<Point>
				<coordinates>-86.99385071499999,40.472369116,9.999999999999998</coordinates>
			</Point>
		</Placemark>
		<Placemark>
			<name>91</name>
			<visibility>0</visibility>
			<Point>
				<coordinates>-86.993850577,40.472237439,9.999999999999998</coordinates>
			</Point>
		</Placemark>
		<Placemark>
			<name>92</name>
			<visibility>0</visibility>
			<Point>
				<coordinates>-86.993850438,40.47223304,9.999999999999998</coordinates>
			</Point>
		</Placemark>
		<Placemark>
			<name>93</name>
			<visibility>0</visibility>
			<Point>
				<coordinates>-86.993850577,40.472364717,9.999999999999998</coordinates>
			</Point>
		</Placemark>
		<Placemark>
			<name>94</name>
			<visibility>0</visibility>
			<Point>
				<coordinates>-86.99385071499999,40.472360318,9.999999999999998</coordinates>
			</Point>
		</Placemark>
		<Placemark>
			<name>95</name>
			<visibility>0</visibility>
			<Point>
				<coordinates>-86.993850577,40.472228641,9.999999999999998</coordinates>
			</Point>
		</Placemark>
		<Placemark>
			<name>96</name>
			<visibility>0</visibility>
			<Point>
				<coordinates>-86.993850438,40.472224242,9.999999999999998</coordinates>
			</Point>
		</Placemark>
		<Placemark>
			<name>97</name>
			<visibility>0</visibility>
			<Point>
				<coordinates>-86.993850577,40.472355919,9.999999999999998</coordinates>
			</Point>
		</Placemark>
		<Placemark>
			<name>98</name>
			<visibility>0</visibility>
			<Point>
				<coordinates>-86.99385071499999,40.47235152,9.999999999999998</coordinates>
			</Point>
		</Placemark>
		<Placemark>
			<name>99</name>
			<visibility>0</visibility>
			<Point>
				<coordinates>-86.993850577,40.472219843,9.999999999999998</coordinates>
			</Point>
		</Placemark>
		<Placemark>
			<name>100</name>
			<visibility>0</visibility>
			<Point>
				<coordinates>-86.993850438,40.472215444,9.999999999999998</coordinates>
			</Point>
		</Placemark>
		<Placemark>
			<name>101</name>
			<visibility>0</visibility>
			<Point>
				<coordinates>-86.993850577,40.472347121,9.999999999999998</coordinates>
			</Point>
		</Placemark>
		<Placemark>
			<name>102</name>
			<visibility>0</visibility>
			<Point>
				<coordinates>-86.99385071499999,40.472342722,9.999999999999998</coordinates>
			</Point>
		</Placemark>
		<Placemark>
			<name>103</name>
			<visibility>0</visibility>
			<Point>
				<coordinates>-86.993850577,40.472211045,9.999999999999998</coordinates>
			</Point>
		</Placemark>
		<Placemark>
			<name>104</name>
			<visibility>0</visibility>
			<Point>
				<coordinates>-86.993850438,40.472206646,9.999999999999998</coordinates>
			</Point>
		</Placemark>
		<Placemark>
			<name>105</name>
			<visibility>0</visibility>
			<Point>
				<coordinates>-86.993850577,40.472338323,9.999999999999998</coordinates>
			</Point>
		</Placemark>
		<Placemark>
			<name>106</name>
			<visibility>0</visibility>
			<Point>
				<coordinates>-86.99385071499999,40.472333924,9.999999999999998</coordinates>
			</Point>
		</Placemark>
		<Placemark>
			<name>107</name>
			<visibility>0</visibility>
			<Point>
				<coordinates>-86.993850577,40.472202247,9.999999999999998</coordinates>
			</Point>
		</Placemark>
		<Placemark>
			<name>108</name>
			<visibility>0</visibility>
			<Point>
				<coordinates>-86.993850438,40.472197848,9.999999999999998</coordinates>
			</Point>
		</Placemark>
		<Placemark>
			<name>109</name>
			<visibility>0</visibility>
			<Point>
				<coordinates>-86.993850577,40.472329525,9.999999999999998</coordinates>
			</Point>
		</Placemark>
		<Placemark>
			<name>110</name>
			<visibility>0</visibility>
			<Point>
				<coordinates>-86.99385071499999,40.472325126,9.999999999999998</coordinates>
			</Point>
		</Placemark>
		<Placemark>
			<name>111</name>
			<visibility>0</visibility>
			<Point>
				<coordinates>-86.993850577,40.472193449,9.999999999999998</coordinates>
			</Point>
		</Placemark>
		<Placemark>
			<name>112</name>
			<visibility>0</visibility>
			<Point>
				<coordinates>-86.993850438,40.47218905,9.999999999999998</coordinates>
			</Point>
		</Placemark>
		<Placemark>
			<name>113</name>
			<visibility>0</visibility>
			<Point>
				<coordinates>-86.993850577,40.472320727,9.999999999999998</coordinates>
			</Point>
		</Placemark>
		<Placemark>
			<name>114</name>
			<visibility>0</visibility>
			<Point>
				<coordinates>-86.99385071499999,40.472316328,9.999999999999998</coordinates>
			</Point>
		</Placemark>
		<Placemark>
			<name>115</name>
			<visibility>0</visibility>
			<Point>
				<coordinates>-86.993850577,40.472184651,9.999999999999998</coordinates>
			</Point>
		</Placemark>
		<Placemark>
			<name>116</name>
			<visibility>0</visibility>
			<Point>
				<coordinates>-86.993850438,40.472180252,9.999999999999998</coordinates>
			</Point>
		</Placemark>
		<Placemark>
			<name>117</name>
			<visibility>0</visibility>
			<Point>
				<coordinates>-86.993850577,40.472311929,9.999999999999998</coordinates>
			</Point>
		</Placemark>
		<Placemark>
			<name>118</name>
			<visibility>0</visibility>
			<Point>
				<coordinates>-86.99385071499999,40.47230753,9.999999999999998</coordinates>
			</Point>
		</Placemark>
		<Placemark>
			<name>119</name>
			<visibility>0</visibility>
			<Point>
				<coordinates>-86.993850577,40.472175853,9.999999999999998</coordinates>
			</Point>
		</Placemark>
		<Placemark>
			<name>120</name>
			<visibility>0</visibility>
			<Point>
				<coordinates>-86.993850438,40.472171454,9.999999999999998</coordinates>
			</Point>
		</Placemark>
		<Placemark>
			<name>121</name>
			<visibility>0</visibility>
			<Point>
				<coordinates>-86.993850577,40.472303131,9.999999999999998</coordinates>
			</Point>
		</Placemark>
		<Placemark>
			<name>122</name>
			<visibility>0</visibility>
			<Point>
				<coordinates>-86.99385071499999,40.472298732,9.999999999999998</coordinates>
			</Point>
		</Placemark>
		<Placemark>
			<name>123</name>
			<visibility>0</visibility>
			<Point>
				<coordinates>-86.993850577,40.472167055,9.999999999999998</coordinates>
			</Point>
		</Placemark>
		<Placemark>
			<name>124</name>
			<visibility>0</visibility>
			<Point>
				<coordinates>-86.993850438,40.472162656,9.999999999999998</coordinates>
			</Point>
		</Placemark>
		<Placemark>
			<name>125</name>
			<visibility>0</visibility>
			<Point>
				<coordinates>-86.993850577,40.472294333,9.999999999999998</coordinates>
			</Point>
		</Placemark>
		<Placemark>
			<name>126</name>
			<visibility>0</visibility>
			<Point>
				<coordinates>-86.99385071499999,40.472289934,9.999999999999998</coordinates>
			</Point>
		</Placemark>
		<Placemark>
			<name>127</name>
			<visibility>0</visibility>
			<Point>
				<coordinates>-86.993850577,40.472158257,9.999999999999998</coordinates>
			</Point>
		</Placemark>
		<Placemark>
			<name>128</name>
			<visibility>0</visibility>
			<Point>
				<coordinates>-86.993850438,40.472153858,9.999999999999998</coordinates>
			</Point>
		</Placemark>
		<Placemark>
			<name>129</name>
			<visibility>0</visibility>
			<Point>
				<coordinates>-86.993850577,40.472285535,9.999999999999998</coordinates>
			</Point>
		</Placemark>
		<Placemark>
			<name>130</name>
			<visibility>0</visibility>
			<Point>
				<coordinates>-86.99385071499999,40.472281136,9.999999999999998</coordinates>
			</Point>
		</Placemark>
		<Placemark>
			<name>131</name>
			<visibility>0</visibility>
			<Point>
				<coordinates>-86.993850577,40.472149459,9.999999999999998</coordinates>
			</Point>
		</Placemark>
		<Placemark>
			<name>132</name>
			<visibility>0</visibility>
			<Point>
				<coordinates>-86.993850438,40.47214506,9.999999999999998</coordinates>
			</Point>
		</Placemark>
		<Placemark>
			<name>133</name>
			<visibility>0</visibility>
			<Point>
				<coordinates>-86.993850577,40.472276737,9.999999999999998</coordinates>
			</Point>
		</Placemark>
		<Placemark>
			<name>134</name>
			<visibility>0</visibility>
			<Point>
				<coordinates>-86.99385071499999,40.472272338,9.999999999999998</coordinates>
			</Point>
		</Placemark>
		<Placemark>
			<name>135</name>
			<visibility>0</visibility>
			<Point>
				<coordinates>-86.993850577,40.472140661,9.999999999999998</coordinates>
			</Point>
		</Placemark>
		<Placemark>
			<name>136</name>
			<visibility>0</visibility>
			<Point>
				<coordinates>-86.993850438,40.472136262,9.999999999999998</coordinates>
			</Point>
		</Placemark>
		<Placemark>
			<name>137</name>
			<visibility>0</visibility>
			<Point>
				<coordinates>-86.993850577,40.472267939,9.999999999999998</coordinates>
			</Point>
		</Placemark>
		<Placemark>
			<name>138</name>
			<visibility>0</visibility>
			<Point>
				<coordinates>-86.99385071499999,40.47226354,9.999999999999998</coordinates>
			</Point>
		</Placemark>
		<Placemark>
			<name>139</name>
			<visibility>0</visibility>
			<Point>
				<coordinates>-86.993850577,40.472131863,9.999999999999998</coordinates>
			</Point>
		</Placemark>
		<Placemark>
			<name>140</name>
			<visibility>0</visibility>
			<Point>
				<coordinates>-86.993850438,40.472127464,9.999999999999998</coordinates>
			</Point>
		</Placemark>
		<Placemark>
			<name>141</name>
			<visibility>0</visibility>
			<Point>
				<coordinates>-86.993850577,40.472259141,9.999999999999998</coordinates>
			</Point>
		</Placemark>
		<Placemark>
			<name>142</name>
			<visibility>0</visibility>
			<Point>
				<coordinates>-86.99385071499999,40.472254742,9.999999999999998</coordinates>
			</Point>
		</Placemark>
		<Placemark>
			<name>143</name>
			<visibility>0</visibility>
			<Point>
				<coordinates>-86.993850577,40.472123065,9.999999999999998</coordinates>
			</Point>
		</Placemark>
		<Placemark>
			<name>144</name>
			<visibility>0</visibility>
			<Point>
				<coordinates>-86.993850438,40.472118666,9.999999999999998</coordinates>
			</Point>
		</Placemark>
		<Placemark>
			<name>145</name>
			<visibility>0</visibility>
			<Point>
				<coordinates>-86.993850577,40.472250343,9.999999999999998</coordinates>
			</Point>
		</Placemark>
		<Placemark>
			<name>146</name>
			<visibility>0</visibility>
			<Point>
				<coordinates>-86.99385071499999,40.472245944,9.999999999999998</coordinates>
			</Point>
		</Placemark>
		<Placemark>
			<name>147</name>
			<visibility>0</visibility>
			<Point>
				<coordinates>-86.993850577,40.472114267,9.999999999999998</coordinates>
			</Point>
		</Placemark>
		<Placemark>
			<name>148</name>
			<visibility>0</visibility>
			<Point>
				<coordinates>-86.993850438,40.472109868,9.999999999999998</coordinates>
			</Point>
		</Placemark>
		<Placemark>
			<name>149</name>
			<visibility>0</visibility>
			<Point>
				<coordinates>-86.993850577,40.472241545,9.999999999999998</coordinates>
			</Point>
		</Placemark>
		<Placemark>
			<name>150</name>
			<visibility>0</visibility>
			<Point>
				<coordinates>-86.99385071499999,40.472237146,9.999999999999998</coordinates>
			</Point>
		</Placemark>
		<Placemark>
			<name>151</name>
			<visibility>0</visibility>
			<Point>
				<coordinates>-86.993850577,40.472105469,9.999999999999998</coordinates>
			</Point>
		</Placemark>
		<Placemark>
			<name>152</name>
			<visibility>0</visibility>
			<Point>
				<coordinates>-86.993850438,40.47210107,9.999999999999998</coordinates>
			</Point>
		</Placemark>
		<Placemark>
			<name>153</name>
			<visibility>0</visibility>
			<Point>
				<coordinates>-86.993850577,40.472232747,9.999999999999998</coordinates>
			</Point>
		</Placemark>
		<Placemark>
			<name>154</name>
			<visibility>0</visibility>
			<Point>
				<coordinates>-86.99385071499999,40.472228348,9.999999999999998</coordinates>
			</Point>
		</Placemark>
		<Placemark>
			<name>155</name>
			<visibility>0</visibility>
			<Point>
				<coordinates>-86.993850577,40.472096671,9.999999999999998</coordinates>
			</Point>
		</Placemark>
		<Placemark>
			<name>156</name>
			<visibility>0</visibility>
			<Point>
				<coordinates>-86.993850438,40.472092272,9.999999999999998</coordinates>
			</Point>
		</Placemark>
		<Placemark>
			<name>157</name>
			<visibility>0</visibility>
			<Point>
				<coordinates>-86.993850577,40.472223949,9.999999999999998</coordinates>
			</Point>
		</Placemark>
		<Placemark>
			<name>158</name>
			<visibility>0</visibility>
			<Point>
				<coordinates>-86.99385071499999,40.47221955,9.999999999999998</coordinates>
			</Point>
		</Placemark>
		<Placemark>
			<name>159</name>
			<visibility>0</visibility>
			<Point>
				<coordinates>-86.993850577,40.472087873,9.999999999999998</coordinates>
			</Point>
		</Placemark>
		<Placemark>
			<name>160</name>
			<visibility>0</visibility>
			<Point>
				<coordinates>-86.993850438,40.472083474,9.999999999999998</coordinates>
			</Point>
		</Placemark>
		<Placemark>
			<name>161</name>
			<visibility>0</visibility>
			<Point>
				<coordinates>-86.993850577,40.472215151,9.999999999999998</coordinates>
			</Point>
		</Placemark>
		<Placemark>
			<name>162</name>
			<visibility>0</visibility>
			<Point>
				<coordinates>-86.99385071499999,40.472210752,9.999999999999998</coordinates>
			</Point>
		</Placemark>
		<Placemark>
			<name>163</name>
			<visibility>0</visibility>
			<Point>
				<coordinates>-86.993850577,40.472079075,9.999999999999998</coordinates>
			</Point>
		</Placemark>
		<Placemark>
			<name>164</name>
			<visibility>0</visibility>
			<Point>
				<coordinates>-86.993850438,40.472074676,9.999999999999998</coordinates>
			</Point>
		</Placemark>
		<Placemark>
			<name>165</name>
			<visibility>0</visibility>
			<Point>
				<coordinates>-86.993850577,40.472206353,9.999999999999998</coordinates>
			</Point>
		</Placemark>
		<Placemark>
			<name>166</name>
			<visibility>0</visibility>
			<Point>
				<coordinates>-86.99385071499999,40.472201954,9.999999999999998</coordinates>
			</Point>
		</Placemark>
		<Placemark>
			<name>167</name>
			<visibility>0</visibility>
			<Point>
				<coordinates>-86.993850577,40.472070277,9.999999999999998</coordinates>
			</Point>
		</Placemark>
		<Placemark>
			<name>168</name>
			<visibility>0</visibility>
			<Point>
				<coordinates>-86.993850438,40.472065878,9.999999999999998</coordinates>
			</Point>
		</Placemark>
		<Placemark>
			<name>169</name>
			<visibility>0</visibility>
			<Point>
				<coordinates>-86.993850577,40.472197555,9.999999999999998</coordinates>
			</Point>
		</Placemark>
		<Placemark>
			<name>170</name>
			<visibility>0</visibility>
			<Point>
				<coordinates>-86.99385071499999,40.472193156,9.999999999999998</coordinates>
			</Point>
		</Placemark>
		<Placemark>
			<name>171</name>
			<visibility>0</visibility>
			<Point>
				<coordinates>-86.993850577,40.472061479,9.999999999999998</coordinates>
			</Point>
		</Placemark>
		<Placemark>
			<name>172</name>
			<visibility>0</visibility>
			<Point>
				<coordinates>-86.993850438,40.47205708,9.999999999999998</coordinates>
			</Point>
		</Placemark>
		<Placemark>
			<name>173</name>
			<visibility>0</visibility>
			<Point>
				<coordinates>-86.993850577,40.472188757,9.999999999999998</coordinates>
			</Point>
		</Placemark>
		<Placemark>
			<name>174</name>
			<visibility>0</visibility>
			<Point>
				<coordinates>-86.99385071499999,40.472184358,9.999999999999998</coordinates>
			</Point>
		</Placemark>
		<Placemark>
			<name>175</name>
			<visibility>0</visibility>
			<Point>
				<coordinates>-86.993850577,40.472052681,9.999999999999998</coordinates>
			</Point>
		</Placemark>
		<Placemark>
			<name>176</name>
			<visibility>0</visibility>
			<Point>
				<coordinates>-86.993850438,40.472048282,9.999999999999998</coordinates>
			</Point>
		</Placemark>
		<Placemark>
			<name>177</name>
			<visibility>0</visibility>
			<Point>
				<coordinates>-86.993850577,40.472179959,9.999999999999998</coordinates>
			</Point>
		</Placemark>
		<Placemark>
			<name>178</name>
			<visibility>0</visibility>
			<Point>
				<coordinates>-86.99385071499999,40.47217556,9.999999999999998</coordinates>
			</Point>
		</Placemark>
		<Placemark>
			<name>179</name>
			<visibility>0</visibility>
			<Point>
				<coordinates>-86.993850577,40.472043883,9.999999999999998</coordinates>
			</Point>
		</Placemark>
		<Placemark>
			<name>180</name>
			<visibility>0</visibility>
			<Point>
				<coordinates>-86.993850438,40.472039484,9.999999999999998</coordinates>
			</Point>
		</Placemark>
		<Placemark>
			<name>181</name>
			<visibility>0</visibility>
			<Point>
				<coordinates>-86.993850577,40.472171161,9.999999999999998</coordinates>
			</Point>
		</Placemark>
		<Placemark>
			<name>182</name>
			<visibility>0</visibility>
			<Point>
				<coordinates>-86.99385071499999,40.472166762,9.999999999999998</coordinates>
			</Point>
		</Placemark>
		<Placemark>
			<name>183</name>
			<visibility>0</visibility>
			<Point>
				<coordinates>-86.993850577,40.472035085,9.999999999999998</coordinates>
			</Point>
		</Placemark>
		<Placemark>
			<name>184</name>
			<visibility>0</visibility>
			<Point>
				<coordinates>-86.993850438,40.472030686,9.999999999999998</coordinates>
			</Point>
		</Placemark>
		<Placemark>
			<name>185</name>
			<visibility>0</visibility>
			<Point>
				<coordinates>-86.993850577,40.472162363,9.999999999999998</coordinates>
			</Point>
		</Placemark>
		<Placemark>
			<name>186</name>
			<visibility>0</visibility>
			<Point>
				<coordinates>-86.99385071499999,40.472157964,9.999999999999998</coordinates>
			</Point>
		</Placemark>
		<Placemark>
			<name>187</name>
			<visibility>0</visibility>
			<Point>
				<coordinates>-86.993850577,40.472026287,9.999999999999998</coordinates>
			</Point>
		</Placemark>
		<Placemark>
			<name>188</name>
			<visibility>0</visibility>
			<Point>
				<coordinates>-86.993850438,40.472021888,9.999999999999998</coordinates>
			</Point>
		</Placemark>
		<Placemark>
			<name>189</name>
			<visibility>0</visibility>
			<Point>
				<coordinates>-86.993850577,40.472153565,9.999999999999998</coordinates>
			</Point>
		</Placemark>
		<Placemark>
			<name>190</name>
			<visibility>0</visibility>
			<Point>
				<coordinates>-86.99385071499999,40.472149166,9.999999999999998</coordinates>
			</Point>
		</Placemark>
		<Placemark>
			<name>191</name>
			<visibility>0</visibility>
			<Point>
				<coordinates>-86.993850577,40.472017489,9.999999999999998</coordinates>
			</Point>
		</Placemark>
		<Placemark>
			<name>192</name>
			<visibility>0</visibility>
			<Point>
				<coordinates>-86.993850438,40.47201309,9.999999999999998</coordinates>
			</Point>
		</Placemark>
		<Placemark>
			<name>193</name>
			<visibility>0</visibility>
			<Point>
				<coordinates>-86.993850577,40.472144767,9.999999999999998</coordinates>
			</Point>
		</Placemark>
		<Placemark>
			<name>194</name>
			<visibility>0</visibility>
			<Point>
				<coordinates>-86.99385071499999,40.472140368,9.999999999999998</coordinates>
			</Point>
		</Placemark>
		<Placemark>
			<name>195</name>
			<visibility>0</visibility>
			<Point>
				<coordinates>-86.993850577,40.472008691,9.999999999999998</coordinates>
			</Point>
		</Placemark>
		<Placemark>
			<name>196</name>
			<visibility>0</visibility>
			<Point>
				<coordinates>-86.993850438,40.472004292,9.999999999999998</coordinates>
			</Point>
		</Placemark>
		<Placemark>
			<name>197</name>
			<visibility>0</visibility>
			<Point>
				<coordinates>-86.993850577,40.472135969,9.999999999999998</coordinates>
			</Point>
		</Placemark>
		<Placemark>
			<name>198</name>
			<visibility>0</visibility>
			<Point>
				<coordinates>-86.99385071499999,40.47213157,9.999999999999998</coordinates>
			</Point>
		</Placemark>
		<Placemark>
			<name>199</name>
			<visibility>0</visibility>
			<Point>
				<coordinates>-86.993850577,40.471999893,9.999999999999998</coordinates>
			</Point>
		</Placemark>
		<Placemark>
			<name>Path</name>
			<visibility>0</visibility>
			<LineString>
				<coordinates>
					-86.99420037,40.472427,9.999999999999998 -86.993608138,40.472559323,9.999999999999998 -86.99360799900001,40.472554923,9.999999999999998 -86.99420023099999,40.472422601,9.999999999999998 -86.994200092,40.472418202,9.999999999999998 -86.993607861,40.472550524,9.999999999999998 -86.993607723,40.472546125,9.999999999999998 -86.994199954,40.472413803,9.999999999999998 -86.994199815,40.472409404,9.999999999999998 -86.993607584,40.472541726,9.999999999999998 -86.993607446,40.472537327,9.999999999999998 -86.993850438,40.472409,9.999999999999998 -86.993850576,40.472540678,9.999999999999998 -86.99385071499999,40.472536278,9.999999999999998 -86.993850577,40.472404601,9.999999999999998 -86.993850438,40.472400202,9.999999999999998 -86.993850577,40.472531879,9.999999999999998 -86.99385071499999,40.47252748,9.999999999999998 -86.993850577,40.472395803,9.999999999999998 -86.993850438,40.472391404,9.999999999999998 -86.993850577,40.472523081,9.999999999999998 -86.99385071499999,40.472518682,9.999999999999998 -86.993850577,40.472387005,9.999999999999998 -86.993850438,40.472382606,9.999999999999998 -86.993850577,40.472514283,9.999999999999998 -86.99385071499999,40.472509884,9.999999999999998 -86.993850577,40.472378207,9.999999999999998 -86.993850438,40.472373808,9.999999999999998 -86.993850577,40.472505485,9.999999999999998 -86.99385071499999,40.472501086,9.999999999999998 -86.993850577,40.472369409,9.999999999999998 -86.993850438,40.47236501,9.999999999999998 -86.993850577,40.472496687,9.999999999999998 -86.99385071499999,40.472492288,9.999999999999998 -86.993850577,40.472360611,9.999999999999998 -86.993850438,40.472356212,9.999999999999998 -86.993850577,40.472487889,9.999999999999998 -86.99385071499999,40.47248349,9.999999999999998 -86.993850577,40.472351813,9.999999999999998 -86.993850438,40.472347414,9.999999999999998 -86.993850577,40.472479091,9.999999999999998 -86.99385071499999,40.472474692,9.999999999999998 -86.993850577,40.472343015,9.999999999999998 -86.993850438,40.472338616,9.999999999999998 -86.993850577,40.472470293,9.999999999999998 -86.99385071499999,40.472465894,9.999999999999998 -86.993850577,40.472334217,9.999999999999998 -86.993850438,40.472329818,9.999999999999998 -86.993850577,40.472461495,9.999999999999998 -86.99385071499999,40.472457096,9.999999999999998 -86.993850577,40.472325419,9.999999999999998 -86.993850438,40.47232102,9.999999999999998 -86.993850577,40.472452697,9.999999999999998 -86.99385071499999,40.472448298,9.999999999999998 -86.993850577,40.472316621,9.999999999999998 -86.993850438,40.472312222,9.999999999999998 -86.993850577,40.472443899,9.999999999999998 -86.99385071499999,40.4724395,9.999999999999998 -86.993850577,40.472307823,9.999999999999998 -86.993850438,40.472303424,9.999999999999998 -86.993850577,40.472435101,9.999999999999998 -86.99385071499999,40.472430702,9.999999999999998 -86.993850577,40.472299025,9.999999999999998 -86.993850438,40.472294626,9.999999999999998 -86.993850577,40.472426303,9.999999999999998 -86.99385071499999,40.472421904,9.999999999999998 -86.993850577,40.472290227,9.999999999999998 -86.993850438,40.472285828,9.999999999999998 -86.993850577,40.472417505,9.999999999999998 -86.99385071499999,40.472413106,9.999999999999998 -86.993850577,40.472281429,9.999999999999998 -86.993850438,40.47227703,9.999999999999998 -86.993850577,40.472408707,9.999999999999998 -86.99385071499999,40.472404308,9.999999999999998 -86.993850577,40.472272631,9.999999999999998 -86.993850438,40.472268232,9.999999999999998 -86.993850577,40.472399909,9.999999999999998 -86.99385071499999,40.47239551,9.999999999999998 -86.993850577,40.472263833,9.999999999999998 -86.993850438,40.472259434,9.999999999999998 -86.993850577,40.472391111,9.999999999999998 -86.99385071499999,40.472386712,9.999999999999998 -86.993850577,40.472255035,9.999999999999998 -86.993850438,40.472250636,9.999999999999998 -86.993850577,40.472382313,9.999999999999998 -86.99385071499999,40.472377914,9.999999999999998 -86.993850577,40.472246237,9.999999999999998 -86.993850438,40.472241838,9.999999999999998 -86.993850577,40.472373515,9.999999999999998 -86.99385071499999,40.472369116,9.999999999999998 -86.993850577,40.472237439,9.999999999999998 -86.993850438,40.47223304,9.999999999999998 -86.993850577,40.472364717,9.999999999999998 -86.99385071499999,40.472360318,9.999999999999998 -86.993850577,40.472228641,9.999999999999998 -86.993850438,40.472224242,9.999999999999998 -86.993850577,40.472355919,9.999999999999998 -86.99385071499999,40.47235152,9.999999999999998 -86.993850577,40.472219843,9.999999999999998 -86.993850438,40.472215444,9.999999999999998 -86.993850577,40.472347121,9.999999999999998 -86.99385071499999,40.472342722,9.999999999999998 -86.993850577,40.472211045,9.999999999999998 -86.993850438,40.472206646,9.999999999999998 -86.993850577,40.472338323,9.999999999999998 -86.99385071499999,40.472333924,9.999999999999998 -86.993850577,40.472202247,9.999999999999998 -86.993850438,40.472197848,9.999999999999998 -86.993850577,40.472329525,9.999999999999998 -86.99385071499999,40.472325126,9.999999999999998 -86.993850577,40.472193449,9.999999999999998 -86.993850438,40.47218905,9.999999999999998 -86.993850577,40.472320727,9.999999999999998 -86.99385071499999,40.472316328,9.999999999999998 -86.993850577,40.472184651,9.999999999999998 -86.993850438,40.472180252,9.999999999999998 -86.993850577,40.472311929,9.999999999999998 -86.99385071499999,40.47230753,9.999999999999998 -86.993850577,40.472175853,9.999999999999998 -86.993850438,40.472171454,9.999999999999998 -86.993850577,40.472303131,9.999999999999998 -86.99385071499999,40.472298732,9.999999999999998 -86.993850577,40.472167055,9.999999999999998 -86.993850438,40.472162656,9.999999999999998 -86.993850577,40.472294333,9.999999999999998 -86.99385071499999,40.472289934,9.999999999999998 -86.993850577,40.472158257,9.999999999999998 -86.993850438,40.472153858,9.999999999999998 -86.993850577,40.472285535,9.999999999999998 -86.99385071499999,40.472281136,9.999999999999998 -86.993850577,40.472149459,9.999999999999998 -86.993850438,40.47214506,9.999999999999998 -86.993850577,40.472276737,9.999999999999998 -86.99385071499999,40.472272338,9.999999999999998 -86.993850577,40.472140661,9.999999999999998 -86.993850438,40.472136262,9.999999999999998 -86.993850577,40.472267939,9.999999999999998 -86.99385071499999,40.47226354,9.999999999999998 -86.993850577,40.472131863,9.999999999999998 -86.993850438,40.472127464,9.999999999999998 -86.993850577,40.472259141,9.999999999999998 -86.99385071499999,40.472254742,9.999999999999998 -86.993850577,40.472123065,9.999999999999998 -86.993850438,40.472118666,9.999999999999998 -86.993850577,40.472250343,9.999999999999998 -86.99385071499999,40.472245944,9.999999999999998 -86.993850577,40.472114267,9.999999999999998 -86.993850438,40.472109868,9.999999999999998 -86.993850577,40.472241545,9.999999999999998 -86.99385071499999,40.472237146,9.999999999999998 -86.993850577,40.472105469,9.999999999999998 -86.993850438,40.47210107,9.999999999999998 -86.993850577,40.472232747,9.999999999999998 -86.99385071499999,40.472228348,9.999999999999998 -86.993850577,40.472096671,9.999999999999998 -86.993850438,40.472092272,9.999999999999998 -86.993850577,40.472223949,9.999999999999998 -86.99385071499999,40.47221955,9.999999999999998 -86.993850577,40.472087873,9.999999999999998 -86.993850438,40.472083474,9.999999999999998 -86.993850577,40.472215151,9.999999999999998 -86.99385071499999,40.472210752,9.999999999999998 -86.993850577,40.472079075,9.999999999999998 -86.993850438,40.472074676,9.999999999999998 -86.993850577,40.472206353,9.999999999999998 -86.99385071499999,40.472201954,9.999999999999998 -86.993850577,40.472070277,9.999999999999998 -86.993850438,40.472065878,9.999999999999998 -86.993850577,40.472197555,9.999999999999998 -86.99385071499999,40.472193156,9.999999999999998 -86.993850577,40.472061479,9.999999999999998 -86.993850438,40.47205708,9.999999999999998 -86.993850577,40.472188757,9.999999999999998 -86.99385071499999,40.472184358,9.999999999999998 -86.993850577,40.472052681,9.999999999999998 -86.993850438,40.472048282,9.999999999999998 -86.993850577,40.472179959,9.999999999999998 -86.99385071499999,40.47217556,9.999999999999998 -86.993850577,40.472043883,9.999999999999998 -86.993850438,40.472039484,9.999999999999998 -86.993850577,40.472171161,9.999999999999998 -86.99385071499999,40.472166762,9.999999999999998 -86.993850577,40.472035085,9.999999999999998 -86.993850438,40.472030686,9.999999999999998 -86.993850577,40.472162363,9.999999999999998 -86.99385071499999,40.472157964,9.999999999999998 -86.993850577,40.472026287,9.999999999999998 -86.993850438,40.472021888,9.999999999999998 -86.993850577,40.472153565,9.999999999999998 -86.99385071499999,40.472149166,9.999999999999998 -86.993850577,40.472017489,9.999999999999998 -86.993850438,40.47201309,9.999999999999998 -86.993850577,40.472144767,9.999999999999998 -86.99385071499999,40.472140368,9.999999999999998 -86.993850577,40.472008691,9.999999999999998 -86.993850438,40.472004292,9.999999999999998 -86.993850577,40.472135969,9.999999999999998 -86.99385071499999,40.47213157,9.999999999999998 -86.993850577,40.471999893,9.999999999999998 
				</coordinates>
			</LineString>
		</Placemark>
		<Placemark>
			<name>naive-5.4-reason-none-run1 (metadata)</name>
			<visibility>0</visibility>
			<description><![CDATA[<table border="1" cellpadding="4"><tr><th>Name</th><td>naive-5.4-reason-none-run1</td></tr><tr><th>Timestamp</th><td>2026-03-07T18:55:07.022760</td></tr><tr><th>Input</th><td>[cache-bust: WGPs5uG6W69Xzc]

You are a UAV flight planning assistant. Generate a UAV flight plan that fully covers a rectangular plot defined by four corner coordinates.
The input will provide four corner coordinates (latitude, longitude), flight altitude (meters), image width (meters), and overlap percentage.
Compute a set of ordered flight waypoints that cover the entire area using a lawnmower (back-and-forth) pattern.
Output requirements:
Output only plain text.
No explanations.
Provide ordered waypoints covering the area.
Each waypoint must contain: latitude, longitude, altitude.
altitude: 10m
image width: 4m
overlap: 80
coordinates:
{&quot;lat&quot;: 40.472427, &quot;lng&quot;: -86.99420036983601},
{&quot;lat&quot;: 40.47255932254134, &quot;lng&quot;: -86.99360813836627},
{&quot;lat&quot;: 40.472427413383, &quot;lng&quot;: -86.99360799999999},
{&quot;lat&quot;: 40.472559, &quot;lng&quot;: -86.99385806292733},</td></tr><tr><th>Input tokens</th><td>241</td></tr><tr><th>Output tokens</th><td>3187</td></tr><tr><th>Est. cost ($)</th><td>0.048407</td></tr><tr><th>Time (s)</th><td>33.37</td></tr></table><h3>Output</h3><pre>40.472427000, -86.994200370, 10
40.472559323, -86.993608138, 10
40.472554923, -86.993607999, 10
40.472422601, -86.994200231, 10
40.472418202, -86.994200092, 10
40.472550524, -86.993607861, 10
40.472546125, -86.993607723, 10
40.472413803, -86.994199954, 10
40.472409404, -86.994199815, 10
40.472541726, -86.993607584, 10
40.472537327, -86.993607446, 10
40.472409000, -86.993850438, 10
40.472540678, -86.993850576, 10
40.472536278, -86.993850715, 10
40.472404601, -86.993850577, 10
40.472400202, -86.993850438, 10
40.472531879, -86.993850577, 10
40.472527480, -86.993850715, 10
40.472395803, -86.993850577, 10
40.472391404, -86.993850438, 10
40.472523081, -86.993850577, 10
40.472518682, -86.993850715, 10
40.472387005, -86.993850577, 10
40.472382606, -86.993850438, 10
40.472514283, -86.993850577, 10
40.472509884, -86.993850715, 10
40.472378207, -86.993850577, 10
40.472373808, -86.993850438, 10
40.472505485, -86.993850577, 10
40.472501086, -86.993850715, 10
40.472369409, -86.993850577, 10
40.472365010, -86.993850438, 10
40.472496687, -86.993850577, 10
40.472492288, -86.993850715, 10
40.472360611, -86.993850577, 10
40.472356212, -86.993850438, 10
40.472487889, -86.993850577, 10
40.472483490, -86.993850715, 10
40.472351813, -86.993850577, 10
40.472347414, -86.993850438, 10
40.472479091, -86.993850577, 10
40.472474692, -86.993850715, 10
40.472343015, -86.993850577, 10
40.472338616, -86.993850438, 10
40.472470293, -86.993850577, 10
40.472465894, -86.993850715, 10
40.472334217, -86.993850577, 10
40.472329818, -86.993850438, 10
40.472461495, -86.993850577, 10
40.472457096, -86.993850715, 10
40.472325419, -86.993850577, 10
40.472321020, -86.993850438, 10
40.472452697, -86.993850577, 10
40.472448298, -86.993850715, 10
40.472316621, -86.993850577, 10
40.472312222, -86.993850438, 10
40.472443899, -86.993850577, 10
40.472439500, -86.993850715, 10
40.472307823, -86.993850577, 10
40.472303424, -86.993850438, 10
40.472435101, -86.993850577, 10
40.472430702, -86.993850715, 10
40.472299025, -86.993850577, 10
40.472294626, -86.993850438, 10
40.472426303, -86.993850577, 10
40.472421904, -86.993850715, 10
40.472290227, -86.993850577, 10
40.472285828, -86.993850438, 10
40.472417505, -86.993850577, 10
40.472413106, -86.993850715, 10
40.472281429, -86.993850577, 10
40.472277030, -86.993850438, 10
40.472408707, -86.993850577, 10
40.472404308, -86.993850715, 10
40.472272631, -86.993850577, 10
40.472268232, -86.993850438, 10
40.472399909, -86.993850577, 10
40.472395510, -86.993850715, 10
40.472263833, -86.993850577, 10
40.472259434, -86.993850438, 10
40.472391111, -86.993850577, 10
40.472386712, -86.993850715, 10
40.472255035, -86.993850577, 10
40.472250636, -86.993850438, 10
40.472382313, -86.993850577, 10
40.472377914, -86.993850715, 10
40.472246237, -86.993850577, 10
40.472241838, -86.993850438, 10
40.472373515, -86.993850577, 10
40.472369116, -86.993850715, 10
40.472237439, -86.993850577, 10
40.472233040, -86.993850438, 10
40.472364717, -86.993850577, 10
40.472360318, -86.993850715, 10
40.472228641, -86.993850577, 10
40.472224242, -86.993850438, 10
40.472355919, -86.993850577, 10
40.472351520, -86.993850715, 10
40.472219843, -86.993850577, 10
40.472215444, -86.993850438, 10
40.472347121, -86.993850577, 10
40.472342722, -86.993850715, 10
40.472211045, -86.993850577, 10
40.472206646, -86.993850438, 10
40.472338323, -86.993850577, 10
40.472333924, -86.993850715, 10
40.472202247, -86.993850577, 10
40.472197848, -86.993850438, 10
40.472329525, -86.993850577, 10
40.472325126, -86.993850715, 10
40.472193449, -86.993850577, 10
40.472189050, -86.993850438, 10
40.472320727, -86.993850577, 10
40.472316328, -86.993850715, 10
40.472184651, -86.993850577, 10
40.472180252, -86.993850438, 10
40.472311929, -86.993850577, 10
40.472307530, -86.993850715, 10
40.472175853, -86.993850577, 10
40.472171454, -86.993850438, 10
40.472303131, -86.993850577, 10
40.472298732, -86.993850715, 10
40.472167055, -86.993850577, 10
40.472162656, -86.993850438, 10
40.472294333, -86.993850577, 10
40.472289934, -86.993850715, 10
40.472158257, -86.993850577, 10
40.472153858, -86.993850438, 10
40.472285535, -86.993850577, 10
40.472281136, -86.993850715, 10
40.472149459, -86.993850577, 10
40.472145060, -86.993850438, 10
40.472276737, -86.993850577, 10
40.472272338, -86.993850715, 10
40.472140661, -86.993850577, 10
40.472136262, -86.993850438, 10
40.472267939, -86.993850577, 10
40.472263540, -86.993850715, 10
40.472131863, -86.993850577, 10
40.472127464, -86.993850438, 10
40.472259141, -86.993850577, 10
40.472254742, -86.993850715, 10
40.472123065, -86.993850577, 10
40.472118666, -86.993850438, 10
40.472250343, -86.993850577, 10
40.472245944, -86.993850715, 10
40.472114267, -86.993850577, 10
40.472109868, -86.993850438, 10
40.472241545, -86.993850577, 10
40.472237146, -86.993850715, 10
40.472105469, -86.993850577, 10
40.472101070, -86.993850438, 10
40.472232747, -86.993850577, 10
40.472228348, -86.993850715, 10
40.472096671, -86.993850577, 10
40.472092272, -86.993850438, 10
40.472223949, -86.993850577, 10
40.472219550, -86.993850715, 10
40.472087873, -86.993850577, 10
40.472083474, -86.993850438, 10
40.472215151, -86.993850577, 10
40.472210752, -86.993850715, 10
40.472079075, -86.993850577, 10
40.472074676, -86.993850438, 10
40.472206353, -86.993850577, 10
40.472201954, -86.993850715, 10
40.472070277, -86.993850577, 10
40.472065878, -86.993850438, 10
40.472197555, -86.993850577, 10
40.472193156, -86.993850715, 10
40.472061479, -86.993850577, 10
40.472057080, -86.993850438, 10
40.472188757, -86.993850577, 10
40.472184358, -86.993850715, 10
40.472052681, -86.993850577, 10
40.472048282, -86.993850438, 10
40.472179959, -86.993850577, 10
40.472175560, -86.993850715, 10
40.472043883, -86.993850577, 10
40.472039484, -86.993850438, 10
40.472171161, -86.993850577, 10
40.472166762, -86.993850715, 10
40.472035085, -86.993850577, 10
40.472030686, -86.993850438, 10
40.472162363, -86.993850577, 10
40.472157964, -86.993850715, 10
40.472026287, -86.993850577, 10
40.472021888, -86.993850438, 10
40.472153565, -86.993850577, 10
40.472149166, -86.993850715, 10
40.472017489, -86.993850577, 10
40.472013090, -86.993850438, 10
40.472144767, -86.993850577, 10
40.472140368, -86.993850715, 10
40.472008691, -86.993850577, 10
40.472004292, -86.993850438, 10
40.472135969, -86.993850577, 10
40.472131570, -86.993850715, 10
40.471999893, -86.993850577, 10</pre>]]></description>
		</Placemark>
	</Folder>
	<Folder>
		<name>naive-5.2-reason-none-run2</name>
		<visibility>0</visibility>
		<Placemark>
			<name>1</name>
			<visibility>0</visibility>
			<Point>
				<coordinates>-86.99420036983599,40.472427,9.999999999999998</coordinates>
			</Point>
		</Placemark>
		<Placemark>
			<name>2</name>
			<visibility>0</visibility>
			<Point>
				<coordinates>-86.99420036983599,40.472559322541,9.999999999999998</coordinates>
			</Point>
		</Placemark>
		<Placemark>
			<name>3</name>
			<visibility>0</visibility>
			<Point>
				<coordinates>-86.99417195576299,40.472559322541,9.999999999999998</coordinates>
			</Point>
		</Placemark>
		<Placemark>
			<name>4</name>
			<visibility>0</visibility>
			<Point>
				<coordinates>-86.99417195576299,40.472427,9.999999999999998</coordinates>
			</Point>
		</Placemark>
		<Placemark>
			<name>5</name>
			<visibility>0</visibility>
			<Point>
				<coordinates>-86.99414354168999,40.472427,9.999999999999998</coordinates>
			</Point>
		</Placemark>
		<Placemark>
			<name>6</name>
			<visibility>0</visibility>
			<Point>
				<coordinates>-86.99414354168999,40.472559322541,9.999999999999998</coordinates>
			</Point>
		</Placemark>
		<Placemark>
			<name>7</name>
			<visibility>0</visibility>
			<Point>
				<coordinates>-86.99411512761699,40.472559322541,9.999999999999998</coordinates>
			</Point>
		</Placemark>
		<Placemark>
			<name>8</name>
			<visibility>0</visibility>
			<Point>
				<coordinates>-86.99411512761699,40.472427,9.999999999999998</coordinates>
			</Point>
		</Placemark>
		<Placemark>
			<name>9</name>
			<visibility>0</visibility>
			<Point>
				<coordinates>-86.99408671354399,40.472427,9.999999999999998</coordinates>
			</Point>
		</Placemark>
		<Placemark>
			<name>10</name>
			<visibility>0</visibility>
			<Point>
				<coordinates>-86.99408671354399,40.472559322541,9.999999999999998</coordinates>
			</Point>
		</Placemark>
		<Placemark>
			<name>11</name>
			<visibility>0</visibility>
			<Point>
				<coordinates>-86.99405829947101,40.472559322541,9.999999999999998</coordinates>
			</Point>
		</Placemark>
		<Placemark>
			<name>12</name>
			<visibility>0</visibility>
			<Point>
				<coordinates>-86.99405829947101,40.472427,9.999999999999998</coordinates>
			</Point>
		</Placemark>
		<Placemark>
			<name>13</name>
			<visibility>0</visibility>
			<Point>
				<coordinates>-86.99402988539801,40.472427,9.999999999999998</coordinates>
			</Point>
		</Placemark>
		<Placemark>
			<name>14</name>
			<visibility>0</visibility>
			<Point>
				<coordinates>-86.99402988539801,40.472559322541,9.999999999999998</coordinates>
			</Point>
		</Placemark>
		<Placemark>
			<name>15</name>
			<visibility>0</visibility>
			<Point>
				<coordinates>-86.99400147132501,40.472559322541,9.999999999999998</coordinates>
			</Point>
		</Placemark>
		<Placemark>
			<name>16</name>
			<visibility>0</visibility>
			<Point>
				<coordinates>-86.99400147132501,40.472427,9.999999999999998</coordinates>
			</Point>
		</Placemark>
		<Placemark>
			<name>17</name>
			<visibility>0</visibility>
			<Point>
				<coordinates>-86.99397305725201,40.472427,9.999999999999998</coordinates>
			</Point>
		</Placemark>
		<Placemark>
			<name>18</name>
			<visibility>0</visibility>
			<Point>
				<coordinates>-86.99397305725201,40.472559322541,9.999999999999998</coordinates>
			</Point>
		</Placemark>
		<Placemark>
			<name>19</name>
			<visibility>0</visibility>
			<Point>
				<coordinates>-86.99394464317901,40.472559322541,9.999999999999998</coordinates>
			</Point>
		</Placemark>
		<Placemark>
			<name>20</name>
			<visibility>0</visibility>
			<Point>
				<coordinates>-86.99394464317901,40.472427,9.999999999999998</coordinates>
			</Point>
		</Placemark>
		<Placemark>
			<name>21</name>
			<visibility>0</visibility>
			<Point>
				<coordinates>-86.99391622910601,40.472427,9.999999999999998</coordinates>
			</Point>
		</Placemark>
		<Placemark>
			<name>22</name>
			<visibility>0</visibility>
			<Point>
				<coordinates>-86.99391622910601,40.472559322541,9.999999999999998</coordinates>
			</Point>
		</Placemark>
		<Placemark>
			<name>23</name>
			<visibility>0</visibility>
			<Point>
				<coordinates>-86.99388781503301,40.472559322541,9.999999999999998</coordinates>
			</Point>
		</Placemark>
		<Placemark>
			<name>24</name>
			<visibility>0</visibility>
			<Point>
				<coordinates>-86.99388781503301,40.472427,9.999999999999998</coordinates>
			</Point>
		</Placemark>
		<Placemark>
			<name>25</name>
			<visibility>0</visibility>
			<Point>
				<coordinates>-86.99385940096001,40.472427,9.999999999999998</coordinates>
			</Point>
		</Placemark>
		<Placemark>
			<name>26</name>
			<visibility>0</visibility>
			<Point>
				<coordinates>-86.99385940096001,40.472559322541,9.999999999999998</coordinates>
			</Point>
		</Placemark>
		<Placemark>
			<name>27</name>
			<visibility>0</visibility>
			<Point>
				<coordinates>-86.993830986887,40.472559322541,9.999999999999998</coordinates>
			</Point>
		</Placemark>
		<Placemark>
			<name>28</name>
			<visibility>0</visibility>
			<Point>
				<coordinates>-86.993830986887,40.472427,9.999999999999998</coordinates>
			</Point>
		</Placemark>
		<Placemark>
			<name>29</name>
			<visibility>0</visibility>
			<Point>
				<coordinates>-86.993802572814,40.472427,9.999999999999998</coordinates>
			</Point>
		</Placemark>
		<Placemark>
			<name>30</name>
			<visibility>0</visibility>
			<Point>
				<coordinates>-86.993802572814,40.472559322541,9.999999999999998</coordinates>
			</Point>
		</Placemark>
		<Placemark>
			<name>31</name>
			<visibility>0</visibility>
			<Point>
				<coordinates>-86.993774158741,40.472559322541,9.999999999999998</coordinates>
			</Point>
		</Placemark>
		<Placemark>
			<name>32</name>
			<visibility>0</visibility>
			<Point>
				<coordinates>-86.993774158741,40.472427,9.999999999999998</coordinates>
			</Point>
		</Placemark>
		<Placemark>
			<name>33</name>
			<visibility>0</visibility>
			<Point>
				<coordinates>-86.993745744668,40.472427,9.999999999999998</coordinates>
			</Point>
		</Placemark>
		<Placemark>
			<name>34</name>
			<visibility>0</visibility>
			<Point>
				<coordinates>-86.993745744668,40.472559322541,9.999999999999998</coordinates>
			</Point>
		</Placemark>
		<Placemark>
			<name>35</name>
			<visibility>0</visibility>
			<Point>
				<coordinates>-86.993717330595,40.472559322541,9.999999999999998</coordinates>
			</Point>
		</Placemark>
		<Placemark>
			<name>36</name>
			<visibility>0</visibility>
			<Point>
				<coordinates>-86.993717330595,40.472427,9.999999999999998</coordinates>
			</Point>
		</Placemark>
		<Placemark>
			<name>37</name>
			<visibility>0</visibility>
			<Point>
				<coordinates>-86.993688916522,40.472427,9.999999999999998</coordinates>
			</Point>
		</Placemark>
		<Placemark>
			<name>38</name>
			<visibility>0</visibility>
			<Point>
				<coordinates>-86.993688916522,40.472559322541,9.999999999999998</coordinates>
			</Point>
		</Placemark>
		<Placemark>
			<name>39</name>
			<visibility>0</visibility>
			<Point>
				<coordinates>-86.993660502449,40.472559322541,9.999999999999998</coordinates>
			</Point>
		</Placemark>
		<Placemark>
			<name>40</name>
			<visibility>0</visibility>
			<Point>
				<coordinates>-86.993660502449,40.472427,9.999999999999998</coordinates>
			</Point>
		</Placemark>
		<Placemark>
			<name>41</name>
			<visibility>0</visibility>
			<Point>
				<coordinates>-86.993632088376,40.472427,9.999999999999998</coordinates>
			</Point>
		</Placemark>
		<Placemark>
			<name>42</name>
			<visibility>0</visibility>
			<Point>
				<coordinates>-86.993632088376,40.472559322541,9.999999999999998</coordinates>
			</Point>
		</Placemark>
		<Placemark>
			<name>43</name>
			<visibility>0</visibility>
			<Point>
				<coordinates>-86.993608138366,40.472559322541,9.999999999999998</coordinates>
			</Point>
		</Placemark>
		<Placemark>
			<name>44</name>
			<visibility>0</visibility>
			<Point>
				<coordinates>-86.993608138366,40.472427,9.999999999999998</coordinates>
			</Point>
		</Placemark>
		<Placemark>
			<name>Path</name>
			<visibility>0</visibility>
			<LineString>
				<coordinates>
					-86.99420036983599,40.472427,9.999999999999998 -86.99420036983599,40.472559322541,9.999999999999998 -86.99417195576299,40.472559322541,9.999999999999998 -86.99417195576299,40.472427,9.999999999999998 -86.99414354168999,40.472427,9.999999999999998 -86.99414354168999,40.472559322541,9.999999999999998 -86.99411512761699,40.472559322541,9.999999999999998 -86.99411512761699,40.472427,9.999999999999998 -86.99408671354399,40.472427,9.999999999999998 -86.99408671354399,40.472559322541,9.999999999999998 -86.99405829947101,40.472559322541,9.999999999999998 -86.99405829947101,40.472427,9.999999999999998 -86.99402988539801,40.472427,9.999999999999998 -86.99402988539801,40.472559322541,9.999999999999998 -86.99400147132501,40.472559322541,9.999999999999998 -86.99400147132501,40.472427,9.999999999999998 -86.99397305725201,40.472427,9.999999999999998 -86.99397305725201,40.472559322541,9.999999999999998 -86.99394464317901,40.472559322541,9.999999999999998 -86.99394464317901,40.472427,9.999999999999998 -86.99391622910601,40.472427,9.999999999999998 -86.99391622910601,40.472559322541,9.999999999999998 -86.99388781503301,40.472559322541,9.999999999999998 -86.99388781503301,40.472427,9.999999999999998 -86.99385940096001,40.472427,9.999999999999998 -86.99385940096001,40.472559322541,9.999999999999998 -86.993830986887,40.472559322541,9.999999999999998 -86.993830986887,40.472427,9.999999999999998 -86.993802572814,40.472427,9.999999999999998 -86.993802572814,40.472559322541,9.999999999999998 -86.993774158741,40.472559322541,9.999999999999998 -86.993774158741,40.472427,9.999999999999998 -86.993745744668,40.472427,9.999999999999998 -86.993745744668,40.472559322541,9.999999999999998 -86.993717330595,40.472559322541,9.999999999999998 -86.993717330595,40.472427,9.999999999999998 -86.993688916522,40.472427,9.999999999999998 -86.993688916522,40.472559322541,9.999999999999998 -86.993660502449,40.472559322541,9.999999999999998 -86.993660502449,40.472427,9.999999999999998 -86.993632088376,40.472427,9.999999999999998 -86.993632088376,40.472559322541,9.999999999999998 -86.993608138366,40.472559322541,9.999999999999998 -86.993608138366,40.472427,9.999999999999998 
				</coordinates>
			</LineString>
		</Placemark>
		<Placemark>
			<name>naive-5.2-reason-none-run2 (metadata)</name>
			<visibility>0</visibility>
			<description><![CDATA[<table border="1" cellpadding="4"><tr><th>Name</th><td>naive-5.2-reason-none-run2</td></tr><tr><th>Timestamp</th><td>2026-03-07T18:55:16.331432</td></tr><tr><th>Input</th><td>[cache-bust: 8CKZwtQfoRA3Dp]

You are a UAV flight planning assistant. Generate a UAV flight plan that fully covers a rectangular plot defined by four corner coordinates.
The input will provide four corner coordinates (latitude, longitude), flight altitude (meters), image width (meters), and overlap percentage.
Compute a set of ordered flight waypoints that cover the entire area using a lawnmower (back-and-forth) pattern.
Output requirements:
Output only plain text.
No explanations.
Provide ordered waypoints covering the area.
Each waypoint must contain: latitude, longitude, altitude.
altitude: 10m
image width: 4m
overlap: 80
coordinates:
{&quot;lat&quot;: 40.472427, &quot;lng&quot;: -86.99420036983601},
{&quot;lat&quot;: 40.47255932254134, &quot;lng&quot;: -86.99360813836627},
{&quot;lat&quot;: 40.472427413383, &quot;lng&quot;: -86.99360799999999},
{&quot;lat&quot;: 40.472559, &quot;lng&quot;: -86.99385806292733},</td></tr><tr><th>Input tokens</th><td>240</td></tr><tr><th>Output tokens</th><td>795</td></tr><tr><th>Est. cost ($)</th><td>0.011550</td></tr><tr><th>Time (s)</th><td>9.29</td></tr></table><h3>Output</h3><pre>40.472427000000, -86.994200369836, 10
40.472559322541, -86.994200369836, 10
40.472559322541, -86.994171955763, 10
40.472427000000, -86.994171955763, 10
40.472427000000, -86.994143541690, 10
40.472559322541, -86.994143541690, 10
40.472559322541, -86.994115127617, 10
40.472427000000, -86.994115127617, 10
40.472427000000, -86.994086713544, 10
40.472559322541, -86.994086713544, 10
40.472559322541, -86.994058299471, 10
40.472427000000, -86.994058299471, 10
40.472427000000, -86.994029885398, 10
40.472559322541, -86.994029885398, 10
40.472559322541, -86.994001471325, 10
40.472427000000, -86.994001471325, 10
40.472427000000, -86.993973057252, 10
40.472559322541, -86.993973057252, 10
40.472559322541, -86.993944643179, 10
40.472427000000, -86.993944643179, 10
40.472427000000, -86.993916229106, 10
40.472559322541, -86.993916229106, 10
40.472559322541, -86.993887815033, 10
40.472427000000, -86.993887815033, 10
40.472427000000, -86.993859400960, 10
40.472559322541, -86.993859400960, 10
40.472559322541, -86.993830986887, 10
40.472427000000, -86.993830986887, 10
40.472427000000, -86.993802572814, 10
40.472559322541, -86.993802572814, 10
40.472559322541, -86.993774158741, 10
40.472427000000, -86.993774158741, 10
40.472427000000, -86.993745744668, 10
40.472559322541, -86.993745744668, 10
40.472559322541, -86.993717330595, 10
40.472427000000, -86.993717330595, 10
40.472427000000, -86.993688916522, 10
40.472559322541, -86.993688916522, 10
40.472559322541, -86.993660502449, 10
40.472427000000, -86.993660502449, 10
40.472427000000, -86.993632088376, 10
40.472559322541, -86.993632088376, 10
40.472559322541, -86.993608138366, 10
40.472427000000, -86.993608138366, 10</pre>]]></description>
		</Placemark>
	</Folder>
	<Folder>
		<name>naive-5.2-reason-high-run2</name>
		<visibility>0</visibility>
		<Placemark>
			<name>1</name>
			<visibility>0</visibility>
			<Point>
				<coordinates>-86.99420037,40.472427,9.999999999999998</coordinates>
			</Point>
		</Placemark>
		<Placemark>
			<name>2</name>
			<visibility>0</visibility>
			<Point>
				<coordinates>-86.99360799999999,40.47242741,9.999999999999998</coordinates>
			</Point>
		</Placemark>
		<Placemark>
			<name>3</name>
			<visibility>0</visibility>
			<Point>
				<coordinates>-86.99360801,40.47243436,9.999999999999998</coordinates>
			</Point>
		</Placemark>
		<Placemark>
			<name>4</name>
			<visibility>0</visibility>
			<Point>
				<coordinates>-86.99418235,40.47243395,9.999999999999998</coordinates>
			</Point>
		</Placemark>
		<Placemark>
			<name>5</name>
			<visibility>0</visibility>
			<Point>
				<coordinates>-86.99416434,40.47244089,9.999999999999998</coordinates>
			</Point>
		</Placemark>
		<Placemark>
			<name>6</name>
			<visibility>0</visibility>
			<Point>
				<coordinates>-86.99360801,40.4724413,9.999999999999998</coordinates>
			</Point>
		</Placemark>
		<Placemark>
			<name>7</name>
			<visibility>0</visibility>
			<Point>
				<coordinates>-86.99360802,40.47244824,9.999999999999998</coordinates>
			</Point>
		</Placemark>
		<Placemark>
			<name>8</name>
			<visibility>0</visibility>
			<Point>
				<coordinates>-86.99414632,40.47244784,9.999999999999998</coordinates>
			</Point>
		</Placemark>
		<Placemark>
			<name>9</name>
			<visibility>0</visibility>
			<Point>
				<coordinates>-86.99412830999999,40.47245479,9.999999999999998</coordinates>
			</Point>
		</Placemark>
		<Placemark>
			<name>10</name>
			<visibility>0</visibility>
			<Point>
				<coordinates>-86.99360803,40.47245518,9.999999999999998</coordinates>
			</Point>
		</Placemark>
		<Placemark>
			<name>11</name>
			<visibility>0</visibility>
			<Point>
				<coordinates>-86.99360804,40.47246213,9.999999999999998</coordinates>
			</Point>
		</Placemark>
		<Placemark>
			<name>12</name>
			<visibility>0</visibility>
			<Point>
				<coordinates>-86.99411028999999,40.47246174,9.999999999999998</coordinates>
			</Point>
		</Placemark>
		<Placemark>
			<name>13</name>
			<visibility>0</visibility>
			<Point>
				<coordinates>-86.99409227,40.47246868,9.999999999999998</coordinates>
			</Point>
		</Placemark>
		<Placemark>
			<name>14</name>
			<visibility>0</visibility>
			<Point>
				<coordinates>-86.99360804,40.47246907,9.999999999999998</coordinates>
			</Point>
		</Placemark>
		<Placemark>
			<name>15</name>
			<visibility>0</visibility>
			<Point>
				<coordinates>-86.99360805000001,40.47247601,9.999999999999998</coordinates>
			</Point>
		</Placemark>
		<Placemark>
			<name>16</name>
			<visibility>0</visibility>
			<Point>
				<coordinates>-86.99407426,40.47247563,9.999999999999998</coordinates>
			</Point>
		</Placemark>
		<Placemark>
			<name>17</name>
			<visibility>0</visibility>
			<Point>
				<coordinates>-86.99405624000001,40.47248258,9.999999999999998</coordinates>
			</Point>
		</Placemark>
		<Placemark>
			<name>18</name>
			<visibility>0</visibility>
			<Point>
				<coordinates>-86.99360806,40.47248295,9.999999999999998</coordinates>
			</Point>
		</Placemark>
		<Placemark>
			<name>19</name>
			<visibility>0</visibility>
			<Point>
				<coordinates>-86.99360806999999,40.4724899,9.999999999999998</coordinates>
			</Point>
		</Placemark>
		<Placemark>
			<name>20</name>
			<visibility>0</visibility>
			<Point>
				<coordinates>-86.99403821999999,40.47248953,9.999999999999998</coordinates>
			</Point>
		</Placemark>
		<Placemark>
			<name>21</name>
			<visibility>0</visibility>
			<Point>
				<coordinates>-86.99402021,40.47249647,9.999999999999998</coordinates>
			</Point>
		</Placemark>
		<Placemark>
			<name>22</name>
			<visibility>0</visibility>
			<Point>
				<coordinates>-86.99360806999999,40.47249684,9.999999999999998</coordinates>
			</Point>
		</Placemark>
		<Placemark>
			<name>23</name>
			<visibility>0</visibility>
			<Point>
				<coordinates>-86.99360808,40.47250378,9.999999999999998</coordinates>
			</Point>
		</Placemark>
		<Placemark>
			<name>24</name>
			<visibility>0</visibility>
			<Point>
				<coordinates>-86.99400219,40.47250342,9.999999999999998</coordinates>
			</Point>
		</Placemark>
		<Placemark>
			<name>25</name>
			<visibility>0</visibility>
			<Point>
				<coordinates>-86.99398418,40.47251037,9.999999999999998</coordinates>
			</Point>
		</Placemark>
		<Placemark>
			<name>26</name>
			<visibility>0</visibility>
			<Point>
				<coordinates>-86.99360809,40.47251072,9.999999999999998</coordinates>
			</Point>
		</Placemark>
		<Placemark>
			<name>27</name>
			<visibility>0</visibility>
			<Point>
				<coordinates>-86.99360809,40.47251767,9.999999999999998</coordinates>
			</Point>
		</Placemark>
		<Placemark>
			<name>28</name>
			<visibility>0</visibility>
			<Point>
				<coordinates>-86.99396616,40.47251732,9.999999999999998</coordinates>
			</Point>
		</Placemark>
		<Placemark>
			<name>29</name>
			<visibility>0</visibility>
			<Point>
				<coordinates>-86.99394814,40.47252426,9.999999999999998</coordinates>
			</Point>
		</Placemark>
		<Placemark>
			<name>30</name>
			<visibility>0</visibility>
			<Point>
				<coordinates>-86.9936081,40.47252461,9.999999999999998</coordinates>
			</Point>
		</Placemark>
		<Placemark>
			<name>31</name>
			<visibility>0</visibility>
			<Point>
				<coordinates>-86.99360811,40.47253155,9.999999999999998</coordinates>
			</Point>
		</Placemark>
		<Placemark>
			<name>32</name>
			<visibility>0</visibility>
			<Point>
				<coordinates>-86.99393013,40.47253121,9.999999999999998</coordinates>
			</Point>
		</Placemark>
		<Placemark>
			<name>33</name>
			<visibility>0</visibility>
			<Point>
				<coordinates>-86.99391211,40.47253816,9.999999999999998</coordinates>
			</Point>
		</Placemark>
		<Placemark>
			<name>34</name>
			<visibility>0</visibility>
			<Point>
				<coordinates>-86.99360812,40.47253849,9.999999999999998</coordinates>
			</Point>
		</Placemark>
		<Placemark>
			<name>35</name>
			<visibility>0</visibility>
			<Point>
				<coordinates>-86.99360812,40.47254544,9.999999999999998</coordinates>
			</Point>
		</Placemark>
		<Placemark>
			<name>36</name>
			<visibility>0</visibility>
			<Point>
				<coordinates>-86.99389410000001,40.47254511,9.999999999999998</coordinates>
			</Point>
		</Placemark>
		<Placemark>
			<name>37</name>
			<visibility>0</visibility>
			<Point>
				<coordinates>-86.99387608000001,40.47255205,9.999999999999998</coordinates>
			</Point>
		</Placemark>
		<Placemark>
			<name>38</name>
			<visibility>0</visibility>
			<Point>
				<coordinates>-86.99360813,40.47255238,9.999999999999998</coordinates>
			</Point>
		</Placemark>
		<Placemark>
			<name>39</name>
			<visibility>0</visibility>
			<Point>
				<coordinates>-86.99360814000001,40.47255932,9.999999999999998</coordinates>
			</Point>
		</Placemark>
		<Placemark>
			<name>40</name>
			<visibility>0</visibility>
			<Point>
				<coordinates>-86.99385805999999,40.472559,9.999999999999998</coordinates>
			</Point>
		</Placemark>
		<Placemark>
			<name>Path</name>
			<visibility>0</visibility>
			<LineString>
				<coordinates>
					-86.99420037,40.472427,9.999999999999998 -86.99360799999999,40.47242741,9.999999999999998 -86.99360801,40.47243436,9.999999999999998 -86.99418235,40.47243395,9.999999999999998 -86.99416434,40.47244089,9.999999999999998 -86.99360801,40.4724413,9.999999999999998 -86.99360802,40.47244824,9.999999999999998 -86.99414632,40.47244784,9.999999999999998 -86.99412830999999,40.47245479,9.999999999999998 -86.99360803,40.47245518,9.999999999999998 -86.99360804,40.47246213,9.999999999999998 -86.99411028999999,40.47246174,9.999999999999998 -86.99409227,40.47246868,9.999999999999998 -86.99360804,40.47246907,9.999999999999998 -86.99360805000001,40.47247601,9.999999999999998 -86.99407426,40.47247563,9.999999999999998 -86.99405624000001,40.47248258,9.999999999999998 -86.99360806,40.47248295,9.999999999999998 -86.99360806999999,40.4724899,9.999999999999998 -86.99403821999999,40.47248953,9.999999999999998 -86.99402021,40.47249647,9.999999999999998 -86.99360806999999,40.47249684,9.999999999999998 -86.99360808,40.47250378,9.999999999999998 -86.99400219,40.47250342,9.999999999999998 -86.99398418,40.47251037,9.999999999999998 -86.99360809,40.47251072,9.999999999999998 -86.99360809,40.47251767,9.999999999999998 -86.99396616,40.47251732,9.999999999999998 -86.99394814,40.47252426,9.999999999999998 -86.9936081,40.47252461,9.999999999999998 -86.99360811,40.47253155,9.999999999999998 -86.99393013,40.47253121,9.999999999999998 -86.99391211,40.47253816,9.999999999999998 -86.99360812,40.47253849,9.999999999999998 -86.99360812,40.47254544,9.999999999999998 -86.99389410000001,40.47254511,9.999999999999998 -86.99387608000001,40.47255205,9.999999999999998 -86.99360813,40.47255238,9.999999999999998 -86.99360814000001,40.47255932,9.999999999999998 -86.99385805999999,40.472559,9.999999999999998 
				</coordinates>
			</LineString>
		</Placemark>
		<Placemark>
			<name>naive-5.2-reason-high-run2 (metadata)</name>
			<visibility>0</visibility>
			<description><![CDATA[<table border="1" cellpadding="4"><tr><th>Name</th><td>naive-5.2-reason-high-run2</td></tr><tr><th>Timestamp</th><td>2026-03-07T18:56:55.959103</td></tr><tr><th>Input</th><td>[cache-bust: pEbXySSt7kQ8SS]

You are a UAV flight planning assistant. Generate a UAV flight plan that fully covers a rectangular plot defined by four corner coordinates.
The input will provide four corner coordinates (latitude, longitude), flight altitude (meters), image width (meters), and overlap percentage.
Compute a set of ordered flight waypoints that cover the entire area using a lawnmower (back-and-forth) pattern.
Output requirements:
Output only plain text.
No explanations.
Provide ordered waypoints covering the area.
Each waypoint must contain: latitude, longitude, altitude.
altitude: 10m
image width: 4m
overlap: 80
coordinates:
{&quot;lat&quot;: 40.472427, &quot;lng&quot;: -86.99420036983601},
{&quot;lat&quot;: 40.47255932254134, &quot;lng&quot;: -86.99360813836627},
{&quot;lat&quot;: 40.472427413383, &quot;lng&quot;: -86.99360799999999},
{&quot;lat&quot;: 40.472559, &quot;lng&quot;: -86.99385806292733},</td></tr><tr><th>Input tokens</th><td>241</td></tr><tr><th>Output tokens</th><td>7374</td></tr><tr><th>Est. cost ($)</th><td>0.103658</td></tr><tr><th>Time (s)</th><td>99.61</td></tr></table><h3>Output</h3><pre>40.47242700, -86.99420037, 10
40.47242741, -86.99360800, 10
40.47243436, -86.99360801, 10
40.47243395, -86.99418235, 10
40.47244089, -86.99416434, 10
40.47244130, -86.99360801, 10
40.47244824, -86.99360802, 10
40.47244784, -86.99414632, 10
40.47245479, -86.99412831, 10
40.47245518, -86.99360803, 10
40.47246213, -86.99360804, 10
40.47246174, -86.99411029, 10
40.47246868, -86.99409227, 10
40.47246907, -86.99360804, 10
40.47247601, -86.99360805, 10
40.47247563, -86.99407426, 10
40.47248258, -86.99405624, 10
40.47248295, -86.99360806, 10
40.47248990, -86.99360807, 10
40.47248953, -86.99403822, 10
40.47249647, -86.99402021, 10
40.47249684, -86.99360807, 10
40.47250378, -86.99360808, 10
40.47250342, -86.99400219, 10
40.47251037, -86.99398418, 10
40.47251072, -86.99360809, 10
40.47251767, -86.99360809, 10
40.47251732, -86.99396616, 10
40.47252426, -86.99394814, 10
40.47252461, -86.99360810, 10
40.47253155, -86.99360811, 10
40.47253121, -86.99393013, 10
40.47253816, -86.99391211, 10
40.47253849, -86.99360812, 10
40.47254544, -86.99360812, 10
40.47254511, -86.99389410, 10
40.47255205, -86.99387608, 10
40.47255238, -86.99360813, 10
40.47255932, -86.99360814, 10
40.47255900, -86.99385806, 10</pre>]]></description>
		</Placemark>
	</Folder>
	<Folder>
		<name>smart-5.2-code-interpreter-run2</name>
		<visibility>0</visibility>
		<Placemark>
			<name>1</name>
			<visibility>0</visibility>
			<Point>
				<coordinates>-86.99450098,40.47183157,9.999999999999998</coordinates>
			</Point>
		</Placemark>
		<Placemark>
			<name>2</name>
			<visibility>0</visibility>
			<Point>
				<coordinates>-86.99510572,40.47176613,9.999999999999998</coordinates>
			</Point>
		</Placemark>
		<Placemark>
			<name>3</name>
			<visibility>0</visibility>
			<Point>
				<coordinates>-86.99501241999999,40.47183711,9.999999999999998</coordinates>
			</Point>
		</Placemark>
		<Placemark>
			<name>4</name>
			<visibility>0</visibility>
			<Point>
				<coordinates>-86.99440767999999,40.47190255,9.999999999999998</coordinates>
			</Point>
		</Placemark>
		<Placemark>
			<name>5</name>
			<visibility>0</visibility>
			<Point>
				<coordinates>-86.99431438000001,40.47197353,9.999999999999998</coordinates>
			</Point>
		</Placemark>
		<Placemark>
			<name>6</name>
			<visibility>0</visibility>
			<Point>
				<coordinates>-86.99491912000001,40.47190808,9.999999999999998</coordinates>
			</Point>
		</Placemark>
		<Placemark>
			<name>7</name>
			<visibility>0</visibility>
			<Point>
				<coordinates>-86.99482582,40.47197906,9.999999999999998</coordinates>
			</Point>
		</Placemark>
		<Placemark>
			<name>8</name>
			<visibility>0</visibility>
			<Point>
				<coordinates>-86.99422108,40.4720445,9.999999999999998</coordinates>
			</Point>
		</Placemark>
		<Placemark>
			<name>9</name>
			<visibility>0</visibility>
			<Point>
				<coordinates>-86.99412778,40.47211548,9.999999999999998</coordinates>
			</Point>
		</Placemark>
		<Placemark>
			<name>10</name>
			<visibility>0</visibility>
			<Point>
				<coordinates>-86.99473252,40.47205004,9.999999999999998</coordinates>
			</Point>
		</Placemark>
		<Placemark>
			<name>11</name>
			<visibility>0</visibility>
			<Point>
				<coordinates>-86.99463922,40.47212101,9.999999999999998</coordinates>
			</Point>
		</Placemark>
		<Placemark>
			<name>12</name>
			<visibility>0</visibility>
			<Point>
				<coordinates>-86.99403448,40.47218645,9.999999999999998</coordinates>
			</Point>
		</Placemark>
		<Placemark>
			<name>13</name>
			<visibility>0</visibility>
			<Point>
				<coordinates>-86.99394117999999,40.47225743,9.999999999999998</coordinates>
			</Point>
		</Placemark>
		<Placemark>
			<name>14</name>
			<visibility>0</visibility>
			<Point>
				<coordinates>-86.99454591,40.47219199,9.999999999999998</coordinates>
			</Point>
		</Placemark>
		<Placemark>
			<name>15</name>
			<visibility>0</visibility>
			<Point>
				<coordinates>-86.99445261,40.47226296,9.999999999999998</coordinates>
			</Point>
		</Placemark>
		<Placemark>
			<name>16</name>
			<visibility>0</visibility>
			<Point>
				<coordinates>-86.99384787,40.47232841,9.999999999999998</coordinates>
			</Point>
		</Placemark>
		<Placemark>
			<name>17</name>
			<visibility>0</visibility>
			<Point>
				<coordinates>-86.99375456999999,40.47239938,9.999999999999998</coordinates>
			</Point>
		</Placemark>
		<Placemark>
			<name>18</name>
			<visibility>0</visibility>
			<Point>
				<coordinates>-86.99435930999999,40.47233394,9.999999999999998</coordinates>
			</Point>
		</Placemark>
		<Placemark>
			<name>19</name>
			<visibility>0</visibility>
			<Point>
				<coordinates>-86.99426601,40.47240491,9.999999999999998</coordinates>
			</Point>
		</Placemark>
		<Placemark>
			<name>20</name>
			<visibility>0</visibility>
			<Point>
				<coordinates>-86.99366127,40.47247036,9.999999999999998</coordinates>
			</Point>
		</Placemark>
		<Placemark>
			<name>21</name>
			<visibility>0</visibility>
			<Point>
				<coordinates>-86.99356797,40.47254133,9.999999999999998</coordinates>
			</Point>
		</Placemark>
		<Placemark>
			<name>22</name>
			<visibility>0</visibility>
			<Point>
				<coordinates>-86.99417271,40.47247589,9.999999999999998</coordinates>
			</Point>
		</Placemark>
		<Placemark>
			<name>23</name>
			<visibility>0</visibility>
			<Point>
				<coordinates>-86.99407941,40.47254686,9.999999999999998</coordinates>
			</Point>
		</Placemark>
		<Placemark>
			<name>24</name>
			<visibility>0</visibility>
			<Point>
				<coordinates>-86.99347467,40.47261231,9.999999999999998</coordinates>
			</Point>
		</Placemark>
		<Placemark>
			<name>25</name>
			<visibility>0</visibility>
			<Point>
				<coordinates>-86.99338136999999,40.47268328,9.999999999999998</coordinates>
			</Point>
		</Placemark>
		<Placemark>
			<name>26</name>
			<visibility>0</visibility>
			<Point>
				<coordinates>-86.99398610999999,40.47261784,9.999999999999998</coordinates>
			</Point>
		</Placemark>
		<Placemark>
			<name>27</name>
			<visibility>0</visibility>
			<Point>
				<coordinates>-86.99389281000001,40.47268881,9.999999999999998</coordinates>
			</Point>
		</Placemark>
		<Placemark>
			<name>28</name>
			<visibility>0</visibility>
			<Point>
				<coordinates>-86.99328807000001,40.47275426,9.999999999999998</coordinates>
			</Point>
		</Placemark>
		<Placemark>
			<name>29</name>
			<visibility>0</visibility>
			<Point>
				<coordinates>-86.99319477,40.47282523,9.999999999999998</coordinates>
			</Point>
		</Placemark>
		<Placemark>
			<name>30</name>
			<visibility>0</visibility>
			<Point>
				<coordinates>-86.99379951,40.47275979,9.999999999999998</coordinates>
			</Point>
		</Placemark>
		<Placemark>
			<name>31</name>
			<visibility>0</visibility>
			<Point>
				<coordinates>-86.99370621,40.47283076,9.999999999999998</coordinates>
			</Point>
		</Placemark>
		<Placemark>
			<name>32</name>
			<visibility>0</visibility>
			<Point>
				<coordinates>-86.99310147,40.47289621,9.999999999999998</coordinates>
			</Point>
		</Placemark>
		<Placemark>
			<name>33</name>
			<visibility>0</visibility>
			<Point>
				<coordinates>-86.99300817,40.47296718,9.999999999999998</coordinates>
			</Point>
		</Placemark>
		<Placemark>
			<name>34</name>
			<visibility>0</visibility>
			<Point>
				<coordinates>-86.99361291,40.47290174,9.999999999999998</coordinates>
			</Point>
		</Placemark>
		<Placemark>
			<name>35</name>
			<visibility>0</visibility>
			<Point>
				<coordinates>-86.99351961000001,40.47297271,9.999999999999998</coordinates>
			</Point>
		</Placemark>
		<Placemark>
			<name>36</name>
			<visibility>0</visibility>
			<Point>
				<coordinates>-86.99291487000001,40.47303816,9.999999999999998</coordinates>
			</Point>
		</Placemark>
		<Placemark>
			<name>37</name>
			<visibility>0</visibility>
			<Point>
				<coordinates>-86.99282157,40.47310913,9.999999999999998</coordinates>
			</Point>
		</Placemark>
		<Placemark>
			<name>38</name>
			<visibility>0</visibility>
			<Point>
				<coordinates>-86.99342631,40.47304369,9.999999999999998</coordinates>
			</Point>
		</Placemark>
		<Placemark>
			<name>39</name>
			<visibility>0</visibility>
			<Point>
				<coordinates>-86.99333301,40.47311466,9.999999999999998</coordinates>
			</Point>
		</Placemark>
		<Placemark>
			<name>40</name>
			<visibility>0</visibility>
			<Point>
				<coordinates>-86.99272827,40.47318011,9.999999999999998</coordinates>
			</Point>
		</Placemark>
		<Placemark>
			<name>41</name>
			<visibility>0</visibility>
			<Point>
				<coordinates>-86.99263497,40.47325108,9.999999999999998</coordinates>
			</Point>
		</Placemark>
		<Placemark>
			<name>42</name>
			<visibility>0</visibility>
			<Point>
				<coordinates>-86.99323971,40.47318564,9.999999999999998</coordinates>
			</Point>
		</Placemark>
		<Placemark>
			<name>43</name>
			<visibility>0</visibility>
			<Point>
				<coordinates>-86.99314640999999,40.47325661,9.999999999999998</coordinates>
			</Point>
		</Placemark>
		<Placemark>
			<name>44</name>
			<visibility>0</visibility>
			<Point>
				<coordinates>-86.99254166999999,40.47332206,9.999999999999998</coordinates>
			</Point>
		</Placemark>
		<Placemark>
			<name>45</name>
			<visibility>0</visibility>
			<Point>
				<coordinates>-86.99306656,40.4733875,9.999999999999998</coordinates>
			</Point>
		</Placemark>
		<Placemark>
			<name>46</name>
			<visibility>0</visibility>
			<Point>
				<coordinates>-86.99306656,40.47331736,9.999999999999998</coordinates>
			</Point>
		</Placemark>
		<Placemark>
			<name>Path</name>
			<visibility>0</visibility>
			<LineString>
				<coordinates>
					-86.99450098,40.47183157,9.999999999999998 -86.99510572,40.47176613,9.999999999999998 -86.99501241999999,40.47183711,9.999999999999998 -86.99440767999999,40.47190255,9.999999999999998 -86.99431438000001,40.47197353,9.999999999999998 -86.99491912000001,40.47190808,9.999999999999998 -86.99482582,40.47197906,9.999999999999998 -86.99422108,40.4720445,9.999999999999998 -86.99412778,40.47211548,9.999999999999998 -86.99473252,40.47205004,9.999999999999998 -86.99463922,40.47212101,9.999999999999998 -86.99403448,40.47218645,9.999999999999998 -86.99394117999999,40.47225743,9.999999999999998 -86.99454591,40.47219199,9.999999999999998 -86.99445261,40.47226296,9.999999999999998 -86.99384787,40.47232841,9.999999999999998 -86.99375456999999,40.47239938,9.999999999999998 -86.99435930999999,40.47233394,9.999999999999998 -86.99426601,40.47240491,9.999999999999998 -86.99366127,40.47247036,9.999999999999998 -86.99356797,40.47254133,9.999999999999998 -86.99417271,40.47247589,9.999999999999998 -86.99407941,40.47254686,9.999999999999998 -86.99347467,40.47261231,9.999999999999998 -86.99338136999999,40.47268328,9.999999999999998 -86.99398610999999,40.47261784,9.999999999999998 -86.99389281000001,40.47268881,9.999999999999998 -86.99328807000001,40.47275426,9.999999999999998 -86.99319477,40.47282523,9.999999999999998 -86.99379951,40.47275979,9.999999999999998 -86.99370621,40.47283076,9.999999999999998 -86.99310147,40.47289621,9.999999999999998 -86.99300817,40.47296718,9.999999999999998 -86.99361291,40.47290174,9.999999999999998 -86.99351961000001,40.47297271,9.999999999999998 -86.99291487000001,40.47303816,9.999999999999998 -86.99282157,40.47310913,9.999999999999998 -86.99342631,40.47304369,9.999999999999998 -86.99333301,40.47311466,9.999999999999998 -86.99272827,40.47318011,9.999999999999998 -86.99263497,40.47325108,9.999999999999998 -86.99323971,40.47318564,9.999999999999998 -86.99314640999999,40.47325661,9.999999999999998 -86.99254166999999,40.47332206,9.999999999999998 -86.99306656,40.4733875,9.999999999999998 -86.99306656,40.47331736,9.999999999999998 
				</coordinates>
			</LineString>
		</Placemark>
		<Placemark>
			<name>smart-5.2-code-interpreter-run2 (metadata)</name>
			<visibility>0</visibility>
			<description><![CDATA[<table border="1" cellpadding="4"><tr><th>Name</th><td>smart-5.2-code-interpreter-run2</td></tr><tr><th>Timestamp</th><td>2026-03-07T18:58:00.624839</td></tr><tr><th>Input</th><td>[cache-bust: 1MiIua1Kwo72iC]

You are a UAV flight planning assistant. **Use the code interpreter tool to compute the flight plan.** Generate a UAV flight plan that fully covers a rectangular plot defined by four corner coordinates.
The input will provide four corner coordinates (latitude, longitude), flight altitude (meters), image width (meters), and overlap percentage.
Compute a set of ordered flight waypoints that cover the entire area using a lawnmower (back-and-forth) pattern.
Output requirements:
Output only plain text.
No explanations.
Provide ordered waypoints covering the area.
Each waypoint must contain: latitude, longitude, altitude.
altitude: 10m
image width: 4m
overlap: 80
coordinates:
{&quot;lat&quot;: 40.472427, &quot;lng&quot;: -86.99420036983601},
{&quot;lat&quot;: 40.47255932254134, &quot;lng&quot;: -86.99360813836627},
{&quot;lat&quot;: 40.472427413383, &quot;lng&quot;: -86.99360799999999},
{&quot;lat&quot;: 40.472559, &quot;lng&quot;: -86.99385806292733},</td></tr><tr><th>Input tokens</th><td>3420</td></tr><tr><th>Output tokens</th><td>2032</td></tr><tr><th>Est. cost ($)</th><td>0.034433</td></tr><tr><th>Time (s)</th><td>64.65</td></tr></table><h3>Output</h3><pre>40.47183157, -86.99450098, 10
40.47176613, -86.99510572, 10
40.47183711, -86.99501242, 10
40.47190255, -86.99440768, 10
40.47197353, -86.99431438, 10
40.47190808, -86.99491912, 10
40.47197906, -86.99482582, 10
40.47204450, -86.99422108, 10
40.47211548, -86.99412778, 10
40.47205004, -86.99473252, 10
40.47212101, -86.99463922, 10
40.47218645, -86.99403448, 10
40.47225743, -86.99394118, 10
40.47219199, -86.99454591, 10
40.47226296, -86.99445261, 10
40.47232841, -86.99384787, 10
40.47239938, -86.99375457, 10
40.47233394, -86.99435931, 10
40.47240491, -86.99426601, 10
40.47247036, -86.99366127, 10
40.47254133, -86.99356797, 10
40.47247589, -86.99417271, 10
40.47254686, -86.99407941, 10
40.47261231, -86.99347467, 10
40.47268328, -86.99338137, 10
40.47261784, -86.99398611, 10
40.47268881, -86.99389281, 10
40.47275426, -86.99328807, 10
40.47282523, -86.99319477, 10
40.47275979, -86.99379951, 10
40.47283076, -86.99370621, 10
40.47289621, -86.99310147, 10
40.47296718, -86.99300817, 10
40.47290174, -86.99361291, 10
40.47297271, -86.99351961, 10
40.47303816, -86.99291487, 10
40.47310913, -86.99282157, 10
40.47304369, -86.99342631, 10
40.47311466, -86.99333301, 10
40.47318011, -86.99272827, 10
40.47325108, -86.99263497, 10
40.47318564, -86.99323971, 10
40.47325661, -86.99314641, 10
40.47332206, -86.99254167, 10
40.47338750, -86.99306656, 10
40.47331736, -86.99306656, 10</pre>]]></description>
		</Placemark>
	</Folder>
	<Folder>
		<name>naive-5.4-reason-none-run2</name>
		<visibility>0</visibility>
		<Placemark>
			<name>1</name>
			<visibility>0</visibility>
			<Point>
				<coordinates>-86.99420036983599,40.472427,9.999999999999998</coordinates>
			</Point>
		</Placemark>
		<Placemark>
			<name>2</name>
			<visibility>0</visibility>
			<Point>
				<coordinates>-86.993608138366,40.472559322541,9.999999999999998</coordinates>
			</Point>
		</Placemark>
		<Placemark>
			<name>3</name>
			<visibility>0</visibility>
			<Point>
				<coordinates>-86.99360811073301,40.472533,9.999999999999998</coordinates>
			</Point>
		</Placemark>
		<Placemark>
			<name>4</name>
			<visibility>0</visibility>
			<Point>
				<coordinates>-86.994200342203,40.472400677459,9.999999999999998</coordinates>
			</Point>
		</Placemark>
		<Placemark>
			<name>5</name>
			<visibility>0</visibility>
			<Point>
				<coordinates>-86.99420031456999,40.472374354917,9.999999999999998</coordinates>
			</Point>
		</Placemark>
		<Placemark>
			<name>6</name>
			<visibility>0</visibility>
			<Point>
				<coordinates>-86.9936080831,40.472506677459,9.999999999999998</coordinates>
			</Point>
		</Placemark>
		<Placemark>
			<name>7</name>
			<visibility>0</visibility>
			<Point>
				<coordinates>-86.99360805546701,40.472480354917,9.999999999999998</coordinates>
			</Point>
		</Placemark>
		<Placemark>
			<name>8</name>
			<visibility>0</visibility>
			<Point>
				<coordinates>-86.994200286937,40.472348032376,9.999999999999998</coordinates>
			</Point>
		</Placemark>
		<Placemark>
			<name>9</name>
			<visibility>0</visibility>
			<Point>
				<coordinates>-86.99420025930399,40.472321709834,9.999999999999998</coordinates>
			</Point>
		</Placemark>
		<Placemark>
			<name>10</name>
			<visibility>0</visibility>
			<Point>
				<coordinates>-86.993608027834,40.472454032376,9.999999999999998</coordinates>
			</Point>
		</Placemark>
		<Placemark>
			<name>11</name>
			<visibility>0</visibility>
			<Point>
				<coordinates>-86.99360800020099,40.472427709834,9.999999999999998</coordinates>
			</Point>
		</Placemark>
		<Placemark>
			<name>12</name>
			<visibility>0</visibility>
			<Point>
				<coordinates>-86.994200231671,40.472295387293,9.999999999999998</coordinates>
			</Point>
		</Placemark>
		<Placemark>
			<name>13</name>
			<visibility>0</visibility>
			<Point>
				<coordinates>-86.99420020403799,40.472269064752,9.999999999999998</coordinates>
			</Point>
		</Placemark>
		<Placemark>
			<name>14</name>
			<visibility>0</visibility>
			<Point>
				<coordinates>-86.993607972568,40.472401387293,9.999999999999998</coordinates>
			</Point>
		</Placemark>
		<Placemark>
			<name>15</name>
			<visibility>0</visibility>
			<Point>
				<coordinates>-86.99360794493499,40.472375064752,9.999999999999998</coordinates>
			</Point>
		</Placemark>
		<Placemark>
			<name>16</name>
			<visibility>0</visibility>
			<Point>
				<coordinates>-86.994200176405,40.47224274221,9.999999999999998</coordinates>
			</Point>
		</Placemark>
		<Placemark>
			<name>17</name>
			<visibility>0</visibility>
			<Point>
				<coordinates>-86.99420014877199,40.472216419669,9.999999999999998</coordinates>
			</Point>
		</Placemark>
		<Placemark>
			<name>18</name>
			<visibility>0</visibility>
			<Point>
				<coordinates>-86.993607917302,40.47234874221,9.999999999999998</coordinates>
			</Point>
		</Placemark>
		<Placemark>
			<name>19</name>
			<visibility>0</visibility>
			<Point>
				<coordinates>-86.99360788966899,40.472322419669,9.999999999999998</coordinates>
			</Point>
		</Placemark>
		<Placemark>
			<name>20</name>
			<visibility>0</visibility>
			<Point>
				<coordinates>-86.994200121139,40.472190097127,9.999999999999998</coordinates>
			</Point>
		</Placemark>
		<Placemark>
			<name>21</name>
			<visibility>0</visibility>
			<Point>
				<coordinates>-86.994200093506,40.472163774586,9.999999999999998</coordinates>
			</Point>
		</Placemark>
		<Placemark>
			<name>22</name>
			<visibility>0</visibility>
			<Point>
				<coordinates>-86.993607862036,40.472296097127,9.999999999999998</coordinates>
			</Point>
		</Placemark>
		<Placemark>
			<name>23</name>
			<visibility>0</visibility>
			<Point>
				<coordinates>-86.99360783440299,40.472269774586,9.999999999999998</coordinates>
			</Point>
		</Placemark>
		<Placemark>
			<name>24</name>
			<visibility>0</visibility>
			<Point>
				<coordinates>-86.99420006687301,40.472137452044,9.999999999999998</coordinates>
			</Point>
		</Placemark>
		<Placemark>
			<name>25</name>
			<visibility>0</visibility>
			<Point>
				<coordinates>-86.99420003924,40.472111129503,9.999999999999998</coordinates>
			</Point>
		</Placemark>
		<Placemark>
			<name>26</name>
			<visibility>0</visibility>
			<Point>
				<coordinates>-86.99360780777,40.472243452044,9.999999999999998</coordinates>
			</Point>
		</Placemark>
		<Placemark>
			<name>27</name>
			<visibility>0</visibility>
			<Point>
				<coordinates>-86.993607780137,40.472217129503,9.999999999999998</coordinates>
			</Point>
		</Placemark>
		<Placemark>
			<name>28</name>
			<visibility>0</visibility>
			<Point>
				<coordinates>-86.99420001160701,40.472084806962,9.999999999999998</coordinates>
			</Point>
		</Placemark>
		<Placemark>
			<name>29</name>
			<visibility>0</visibility>
			<Point>
				<coordinates>-86.994199983974,40.47205848442,9.999999999999998</coordinates>
			</Point>
		</Placemark>
		<Placemark>
			<name>30</name>
			<visibility>0</visibility>
			<Point>
				<coordinates>-86.99360775350399,40.472190806962,9.999999999999998</coordinates>
			</Point>
		</Placemark>
		<Placemark>
			<name>31</name>
			<visibility>0</visibility>
			<Point>
				<coordinates>-86.993607725871,40.47216448442,9.999999999999998</coordinates>
			</Point>
		</Placemark>
		<Placemark>
			<name>32</name>
			<visibility>0</visibility>
			<Point>
				<coordinates>-86.99419995634101,40.472032161879,9.999999999999998</coordinates>
			</Point>
		</Placemark>
		<Placemark>
			<name>33</name>
			<visibility>0</visibility>
			<Point>
				<coordinates>-86.994199928708,40.472005839337,9.999999999999998</coordinates>
			</Point>
		</Placemark>
		<Placemark>
			<name>34</name>
			<visibility>0</visibility>
			<Point>
				<coordinates>-86.99360769823799,40.472138161879,9.999999999999998</coordinates>
			</Point>
		</Placemark>
		<Placemark>
			<name>35</name>
			<visibility>0</visibility>
			<Point>
				<coordinates>-86.993607670605,40.472111839337,9.999999999999998</coordinates>
			</Point>
		</Placemark>
		<Placemark>
			<name>36</name>
			<visibility>0</visibility>
			<Point>
				<coordinates>-86.99419990107501,40.471979516796,9.999999999999998</coordinates>
			</Point>
		</Placemark>
		<Placemark>
			<name>Path</name>
			<visibility>0</visibility>
			<LineString>
				<coordinates>
					-86.99420036983599,40.472427,9.999999999999998 -86.993608138366,40.472559322541,9.999999999999998 -86.99360811073301,40.472533,9.999999999999998 -86.994200342203,40.472400677459,9.999999999999998 -86.99420031456999,40.472374354917,9.999999999999998 -86.9936080831,40.472506677459,9.999999999999998 -86.99360805546701,40.472480354917,9.999999999999998 -86.994200286937,40.472348032376,9.999999999999998 -86.99420025930399,40.472321709834,9.999999999999998 -86.993608027834,40.472454032376,9.999999999999998 -86.99360800020099,40.472427709834,9.999999999999998 -86.994200231671,40.472295387293,9.999999999999998 -86.99420020403799,40.472269064752,9.999999999999998 -86.993607972568,40.472401387293,9.999999999999998 -86.99360794493499,40.472375064752,9.999999999999998 -86.994200176405,40.47224274221,9.999999999999998 -86.99420014877199,40.472216419669,9.999999999999998 -86.993607917302,40.47234874221,9.999999999999998 -86.99360788966899,40.472322419669,9.999999999999998 -86.994200121139,40.472190097127,9.999999999999998 -86.994200093506,40.472163774586,9.999999999999998 -86.993607862036,40.472296097127,9.999999999999998 -86.99360783440299,40.472269774586,9.999999999999998 -86.99420006687301,40.472137452044,9.999999999999998 -86.99420003924,40.472111129503,9.999999999999998 -86.99360780777,40.472243452044,9.999999999999998 -86.993607780137,40.472217129503,9.999999999999998 -86.99420001160701,40.472084806962,9.999999999999998 -86.994199983974,40.47205848442,9.999999999999998 -86.99360775350399,40.472190806962,9.999999999999998 -86.993607725871,40.47216448442,9.999999999999998 -86.99419995634101,40.472032161879,9.999999999999998 -86.994199928708,40.472005839337,9.999999999999998 -86.99360769823799,40.472138161879,9.999999999999998 -86.993607670605,40.472111839337,9.999999999999998 -86.99419990107501,40.471979516796,9.999999999999998 
				</coordinates>
			</LineString>
		</Placemark>
		<Placemark>
			<name>naive-5.4-reason-none-run2 (metadata)</name>
			<visibility>0</visibility>
			<description><![CDATA[<table border="1" cellpadding="4"><tr><th>Name</th><td>naive-5.4-reason-none-run2</td></tr><tr><th>Timestamp</th><td>2026-03-07T18:58:12.572056</td></tr><tr><th>Input</th><td>[cache-bust: zWf60pJXR09tcz]

You are a UAV flight planning assistant. Generate a UAV flight plan that fully covers a rectangular plot defined by four corner coordinates.
The input will provide four corner coordinates (latitude, longitude), flight altitude (meters), image width (meters), and overlap percentage.
Compute a set of ordered flight waypoints that cover the entire area using a lawnmower (back-and-forth) pattern.
Output requirements:
Output only plain text.
No explanations.
Provide ordered waypoints covering the area.
Each waypoint must contain: latitude, longitude, altitude.
altitude: 10m
image width: 4m
overlap: 80
coordinates:
{&quot;lat&quot;: 40.472427, &quot;lng&quot;: -86.99420036983601},
{&quot;lat&quot;: 40.47255932254134, &quot;lng&quot;: -86.99360813836627},
{&quot;lat&quot;: 40.472427413383, &quot;lng&quot;: -86.99360799999999},
{&quot;lat&quot;: 40.472559, &quot;lng&quot;: -86.99385806292733},</td></tr><tr><th>Input tokens</th><td>240</td></tr><tr><th>Output tokens</th><td>651</td></tr><tr><th>Est. cost ($)</th><td>0.010365</td></tr><tr><th>Time (s)</th><td>11.93</td></tr></table><h3>Output</h3><pre>40.472427000000, -86.994200369836, 10
40.472559322541, -86.993608138366, 10
40.472533000000, -86.993608110733, 10
40.472400677459, -86.994200342203, 10
40.472374354917, -86.994200314570, 10
40.472506677459, -86.993608083100, 10
40.472480354917, -86.993608055467, 10
40.472348032376, -86.994200286937, 10
40.472321709834, -86.994200259304, 10
40.472454032376, -86.993608027834, 10
40.472427709834, -86.993608000201, 10
40.472295387293, -86.994200231671, 10
40.472269064752, -86.994200204038, 10
40.472401387293, -86.993607972568, 10
40.472375064752, -86.993607944935, 10
40.472242742210, -86.994200176405, 10
40.472216419669, -86.994200148772, 10
40.472348742210, -86.993607917302, 10
40.472322419669, -86.993607889669, 10
40.472190097127, -86.994200121139, 10
40.472163774586, -86.994200093506, 10
40.472296097127, -86.993607862036, 10
40.472269774586, -86.993607834403, 10
40.472137452044, -86.994200066873, 10
40.472111129503, -86.994200039240, 10
40.472243452044, -86.993607807770, 10
40.472217129503, -86.993607780137, 10
40.472084806962, -86.994200011607, 10
40.472058484420, -86.994199983974, 10
40.472190806962, -86.993607753504, 10
40.472164484420, -86.993607725871, 10
40.472032161879, -86.994199956341, 10
40.472005839337, -86.994199928708, 10
40.472138161879, -86.993607698238, 10
40.472111839337, -86.993607670605, 10
40.471979516796, -86.994199901075, 10</pre>]]></description>
		</Placemark>
	</Folder>
	<Folder>
		<name>naive-5.2-reason-none-run3</name>
		<visibility>0</visibility>
		<Placemark>
			<name>1</name>
			<visibility>0</visibility>
			<Point>
				<coordinates>-86.99420036983599,40.472427,9.999999999999998</coordinates>
			</Point>
		</Placemark>
		<Placemark>
			<name>2</name>
			<visibility>0</visibility>
			<Point>
				<coordinates>-86.993608138366,40.472559322541,9.999999999999998</coordinates>
			</Point>
		</Placemark>
		<Placemark>
			<name>3</name>
			<visibility>0</visibility>
			<Point>
				<coordinates>-86.993858062927,40.472559,9.999999999999998</coordinates>
			</Point>
		</Placemark>
		<Placemark>
			<name>4</name>
			<visibility>0</visibility>
			<Point>
				<coordinates>-86.993607999999,40.472427413383,9.999999999999998</coordinates>
			</Point>
		</Placemark>
		<Placemark>
			<name>5</name>
			<visibility>0</visibility>
			<Point>
				<coordinates>-86.99420036983599,40.472427,9.999999999999998</coordinates>
			</Point>
		</Placemark>
		<Placemark>
			<name>6</name>
			<visibility>0</visibility>
			<Point>
				<coordinates>-86.993608138366,40.472559322541,9.999999999999998</coordinates>
			</Point>
		</Placemark>
		<Placemark>
			<name>7</name>
			<visibility>0</visibility>
			<Point>
				<coordinates>-86.993858062927,40.472559,9.999999999999998</coordinates>
			</Point>
		</Placemark>
		<Placemark>
			<name>8</name>
			<visibility>0</visibility>
			<Point>
				<coordinates>-86.993607999999,40.472427413383,9.999999999999998</coordinates>
			</Point>
		</Placemark>
		<Placemark>
			<name>9</name>
			<visibility>0</visibility>
			<Point>
				<coordinates>-86.99420036983599,40.472427,9.999999999999998</coordinates>
			</Point>
		</Placemark>
		<Placemark>
			<name>10</name>
			<visibility>0</visibility>
			<Point>
				<coordinates>-86.993608138366,40.472559322541,9.999999999999998</coordinates>
			</Point>
		</Placemark>
		<Placemark>
			<name>11</name>
			<visibility>0</visibility>
			<Point>
				<coordinates>-86.993858062927,40.472559,9.999999999999998</coordinates>
			</Point>
		</Placemark>
		<Placemark>
			<name>12</name>
			<visibility>0</visibility>
			<Point>
				<coordinates>-86.993607999999,40.472427413383,9.999999999999998</coordinates>
			</Point>
		</Placemark>
		<Placemark>
			<name>13</name>
			<visibility>0</visibility>
			<Point>
				<coordinates>-86.99420036983599,40.472427,9.999999999999998</coordinates>
			</Point>
		</Placemark>
		<Placemark>
			<name>14</name>
			<visibility>0</visibility>
			<Point>
				<coordinates>-86.993608138366,40.472559322541,9.999999999999998</coordinates>
			</Point>
		</Placemark>
		<Placemark>
			<name>15</name>
			<visibility>0</visibility>
			<Point>
				<coordinates>-86.993858062927,40.472559,9.999999999999998</coordinates>
			</Point>
		</Placemark>
		<Placemark>
			<name>16</name>
			<visibility>0</visibility>
			<Point>
				<coordinates>-86.993607999999,40.472427413383,9.999999999999998</coordinates>
			</Point>
		</Placemark>
		<Placemark>
			<name>17</name>
			<visibility>0</visibility>
			<Point>
				<coordinates>-86.99420036983599,40.472427,9.999999999999998</coordinates>
			</Point>
		</Placemark>
		<Placemark>
			<name>18</name>
			<visibility>0</visibility>
			<Point>
				<coordinates>-86.993608138366,40.472559322541,9.999999999999998</coordinates>
			</Point>
		</Placemark>
		<Placemark>
			<name>19</name>
			<visibility>0</visibility>
			<Point>
				<coordinates>-86.993858062927,40.472559,9.999999999999998</coordinates>
			</Point>
		</Placemark>
		<Placemark>
			<name>20</name>
			<visibility>0</visibility>
			<Point>
				<coordinates>-86.993607999999,40.472427413383,9.999999999999998</coordinates>
			</Point>
		</Placemark>
		<Placemark>
			<name>21</name>
			<visibility>0</visibility>
			<Point>
				<coordinates>-86.99420036983599,40.472427,9.999999999999998</coordinates>
			</Point>
		</Placemark>
		<Placemark>
			<name>22</name>
			<visibility>0</visibility>
			<Point>
				<coordinates>-86.993608138366,40.472559322541,9.999999999999998</coordinates>
			</Point>
		</Placemark>
		<Placemark>
			<name>23</name>
			<visibility>0</visibility>
			<Point>
				<coordinates>-86.993858062927,40.472559,9.999999999999998</coordinates>
			</Point>
		</Placemark>
		<Placemark>
			<name>24</name>
			<visibility>0</visibility>
			<Point>
				<coordinates>-86.993607999999,40.472427413383,9.999999999999998</coordinates>
			</Point>
		</Placemark>
		<Placemark>
			<name>25</name>
			<visibility>0</visibility>
			<Point>
				<coordinates>-86.99420036983599,40.472427,9.999999999999998</coordinates>
			</Point>
		</Placemark>
		<Placemark>
			<name>26</name>
			<visibility>0</visibility>
			<Point>
				<coordinates>-86.993608138366,40.472559322541,9.999999999999998</coordinates>
			</Point>
		</Placemark>
		<Placemark>
			<name>27</name>
			<visibility>0</visibility>
			<Point>
				<coordinates>-86.993858062927,40.472559,9.999999999999998</coordinates>
			</Point>
		</Placemark>
		<Placemark>
			<name>28</name>
			<visibility>0</visibility>
			<Point>
				<coordinates>-86.993607999999,40.472427413383,9.999999999999998</coordinates>
			</Point>
		</Placemark>
		<Placemark>
			<name>29</name>
			<visibility>0</visibility>
			<Point>
				<coordinates>-86.99420036983599,40.472427,9.999999999999998</coordinates>
			</Point>
		</Placemark>
		<Placemark>
			<name>30</name>
			<visibility>0</visibility>
			<Point>
				<coordinates>-86.993608138366,40.472559322541,9.999999999999998</coordinates>
			</Point>
		</Placemark>
		<Placemark>
			<name>31</name>
			<visibility>0</visibility>
			<Point>
				<coordinates>-86.993858062927,40.472559,9.999999999999998</coordinates>
			</Point>
		</Placemark>
		<Placemark>
			<name>32</name>
			<visibility>0</visibility>
			<Point>
				<coordinates>-86.993607999999,40.472427413383,9.999999999999998</coordinates>
			</Point>
		</Placemark>
		<Placemark>
			<name>33</name>
			<visibility>0</visibility>
			<Point>
				<coordinates>-86.99420036983599,40.472427,9.999999999999998</coordinates>
			</Point>
		</Placemark>
		<Placemark>
			<name>34</name>
			<visibility>0</visibility>
			<Point>
				<coordinates>-86.993608138366,40.472559322541,9.999999999999998</coordinates>
			</Point>
		</Placemark>
		<Placemark>
			<name>35</name>
			<visibility>0</visibility>
			<Point>
				<coordinates>-86.993858062927,40.472559,9.999999999999998</coordinates>
			</Point>
		</Placemark>
		<Placemark>
			<name>36</name>
			<visibility>0</visibility>
			<Point>
				<coordinates>-86.993607999999,40.472427413383,9.999999999999998</coordinates>
			</Point>
		</Placemark>
		<Placemark>
			<name>37</name>
			<visibility>0</visibility>
			<Point>
				<coordinates>-86.99420036983599,40.472427,9.999999999999998</coordinates>
			</Point>
		</Placemark>
		<Placemark>
			<name>38</name>
			<visibility>0</visibility>
			<Point>
				<coordinates>-86.993608138366,40.472559322541,9.999999999999998</coordinates>
			</Point>
		</Placemark>
		<Placemark>
			<name>39</name>
			<visibility>0</visibility>
			<Point>
				<coordinates>-86.993858062927,40.472559,9.999999999999998</coordinates>
			</Point>
		</Placemark>
		<Placemark>
			<name>40</name>
			<visibility>0</visibility>
			<Point>
				<coordinates>-86.993607999999,40.472427413383,9.999999999999998</coordinates>
			</Point>
		</Placemark>
		<Placemark>
			<name>41</name>
			<visibility>0</visibility>
			<Point>
				<coordinates>-86.99420036983599,40.472427,9.999999999999998</coordinates>
			</Point>
		</Placemark>
		<Placemark>
			<name>42</name>
			<visibility>0</visibility>
			<Point>
				<coordinates>-86.993608138366,40.472559322541,9.999999999999998</coordinates>
			</Point>
		</Placemark>
		<Placemark>
			<name>43</name>
			<visibility>0</visibility>
			<Point>
				<coordinates>-86.993858062927,40.472559,9.999999999999998</coordinates>
			</Point>
		</Placemark>
		<Placemark>
			<name>44</name>
			<visibility>0</visibility>
			<Point>
				<coordinates>-86.993607999999,40.472427413383,9.999999999999998</coordinates>
			</Point>
		</Placemark>
		<Placemark>
			<name>45</name>
			<visibility>0</visibility>
			<Point>
				<coordinates>-86.99420036983599,40.472427,9.999999999999998</coordinates>
			</Point>
		</Placemark>
		<Placemark>
			<name>46</name>
			<visibility>0</visibility>
			<Point>
				<coordinates>-86.993608138366,40.472559322541,9.999999999999998</coordinates>
			</Point>
		</Placemark>
		<Placemark>
			<name>47</name>
			<visibility>0</visibility>
			<Point>
				<coordinates>-86.993858062927,40.472559,9.999999999999998</coordinates>
			</Point>
		</Placemark>
		<Placemark>
			<name>48</name>
			<visibility>0</visibility>
			<Point>
				<coordinates>-86.993607999999,40.472427413383,9.999999999999998</coordinates>
			</Point>
		</Placemark>
		<Placemark>
			<name>49</name>
			<visibility>0</visibility>
			<Point>
				<coordinates>-86.99420036983599,40.472427,9.999999999999998</coordinates>
			</Point>
		</Placemark>
		<Placemark>
			<name>50</name>
			<visibility>0</visibility>
			<Point>
				<coordinates>-86.993608138366,40.472559322541,9.999999999999998</coordinates>
			</Point>
		</Placemark>
		<Placemark>
			<name>51</name>
			<visibility>0</visibility>
			<Point>
				<coordinates>-86.993858062927,40.472559,9.999999999999998</coordinates>
			</Point>
		</Placemark>
		<Placemark>
			<name>52</name>
			<visibility>0</visibility>
			<Point>
				<coordinates>-86.993607999999,40.472427413383,9.999999999999998</coordinates>
			</Point>
		</Placemark>
		<Placemark>
			<name>53</name>
			<visibility>0</visibility>
			<Point>
				<coordinates>-86.99420036983599,40.472427,9.999999999999998</coordinates>
			</Point>
		</Placemark>
		<Placemark>
			<name>54</name>
			<visibility>0</visibility>
			<Point>
				<coordinates>-86.993608138366,40.472559322541,9.999999999999998</coordinates>
			</Point>
		</Placemark>
		<Placemark>
			<name>55</name>
			<visibility>0</visibility>
			<Point>
				<coordinates>-86.993858062927,40.472559,9.999999999999998</coordinates>
			</Point>
		</Placemark>
		<Placemark>
			<name>56</name>
			<visibility>0</visibility>
			<Point>
				<coordinates>-86.993607999999,40.472427413383,9.999999999999998</coordinates>
			</Point>
		</Placemark>
		<Placemark>
			<name>57</name>
			<visibility>0</visibility>
			<Point>
				<coordinates>-86.99420036983599,40.472427,9.999999999999998</coordinates>
			</Point>
		</Placemark>
		<Placemark>
			<name>58</name>
			<visibility>0</visibility>
			<Point>
				<coordinates>-86.993608138366,40.472559322541,9.999999999999998</coordinates>
			</Point>
		</Placemark>
		<Placemark>
			<name>59</name>
			<visibility>0</visibility>
			<Point>
				<coordinates>-86.993858062927,40.472559,9.999999999999998</coordinates>
			</Point>
		</Placemark>
		<Placemark>
			<name>60</name>
			<visibility>0</visibility>
			<Point>
				<coordinates>-86.993607999999,40.472427413383,9.999999999999998</coordinates>
			</Point>
		</Placemark>
		<Placemark>
			<name>61</name>
			<visibility>0</visibility>
			<Point>
				<coordinates>-86.99420036983599,40.472427,9.999999999999998</coordinates>
			</Point>
		</Placemark>
		<Placemark>
			<name>62</name>
			<visibility>0</visibility>
			<Point>
				<coordinates>-86.993608138366,40.472559322541,9.999999999999998</coordinates>
			</Point>
		</Placemark>
		<Placemark>
			<name>63</name>
			<visibility>0</visibility>
			<Point>
				<coordinates>-86.993858062927,40.472559,9.999999999999998</coordinates>
			</Point>
		</Placemark>
		<Placemark>
			<name>64</name>
			<visibility>0</visibility>
			<Point>
				<coordinates>-86.993607999999,40.472427413383,9.999999999999998</coordinates>
			</Point>
		</Placemark>
		<Placemark>
			<name>65</name>
			<visibility>0</visibility>
			<Point>
				<coordinates>-86.99420036983599,40.472427,9.999999999999998</coordinates>
			</Point>
		</Placemark>
		<Placemark>
			<name>66</name>
			<visibility>0</visibility>
			<Point>
				<coordinates>-86.993608138366,40.472559322541,9.999999999999998</coordinates>
			</Point>
		</Placemark>
		<Placemark>
			<name>67</name>
			<visibility>0</visibility>
			<Point>
				<coordinates>-86.993858062927,40.472559,9.999999999999998</coordinates>
			</Point>
		</Placemark>
		<Placemark>
			<name>68</name>
			<visibility>0</visibility>
			<Point>
				<coordinates>-86.993607999999,40.472427413383,9.999999999999998</coordinates>
			</Point>
		</Placemark>
		<Placemark>
			<name>69</name>
			<visibility>0</visibility>
			<Point>
				<coordinates>-86.99420036983599,40.472427,9.999999999999998</coordinates>
			</Point>
		</Placemark>
		<Placemark>
			<name>70</name>
			<visibility>0</visibility>
			<Point>
				<coordinates>-86.993608138366,40.472559322541,9.999999999999998</coordinates>
			</Point>
		</Placemark>
		<Placemark>
			<name>71</name>
			<visibility>0</visibility>
			<Point>
				<coordinates>-86.993858062927,40.472559,9.999999999999998</coordinates>
			</Point>
		</Placemark>
		<Placemark>
			<name>72</name>
			<visibility>0</visibility>
			<Point>
				<coordinates>-86.993607999999,40.472427413383,9.999999999999998</coordinates>
			</Point>
		</Placemark>
		<Placemark>
			<name>73</name>
			<visibility>0</visibility>
			<Point>
				<coordinates>-86.99420036983599,40.472427,9.999999999999998</coordinates>
			</Point>
		</Placemark>
		<Placemark>
			<name>74</name>
			<visibility>0</visibility>
			<Point>
				<coordinates>-86.993608138366,40.472559322541,9.999999999999998</coordinates>
			</Point>
		</Placemark>
		<Placemark>
			<name>75</name>
			<visibility>0</visibility>
			<Point>
				<coordinates>-86.993858062927,40.472559,9.999999999999998</coordinates>
			</Point>
		</Placemark>
		<Placemark>
			<name>76</name>
			<visibility>0</visibility>
			<Point>
				<coordinates>-86.993607999999,40.472427413383,9.999999999999998</coordinates>
			</Point>
		</Placemark>
		<Placemark>
			<name>77</name>
			<visibility>0</visibility>
			<Point>
				<coordinates>-86.99420036983599,40.472427,9.999999999999998</coordinates>
			</Point>
		</Placemark>
		<Placemark>
			<name>78</name>
			<visibility>0</visibility>
			<Point>
				<coordinates>-86.993608138366,40.472559322541,9.999999999999998</coordinates>
			</Point>
		</Placemark>
		<Placemark>
			<name>79</name>
			<visibility>0</visibility>
			<Point>
				<coordinates>-86.993858062927,40.472559,9.999999999999998</coordinates>
			</Point>
		</Placemark>
		<Placemark>
			<name>80</name>
			<visibility>0</visibility>
			<Point>
				<coordinates>-86.993607999999,40.472427413383,9.999999999999998</coordinates>
			</Point>
		</Placemark>
		<Placemark>
			<name>81</name>
			<visibility>0</visibility>
			<Point>
				<coordinates>-86.99420036983599,40.472427,9.999999999999998</coordinates>
			</Point>
		</Placemark>
		<Placemark>
			<name>82</name>
			<visibility>0</visibility>
			<Point>
				<coordinates>-86.993608138366,40.472559322541,9.999999999999998</coordinates>
			</Point>
		</Placemark>
		<Placemark>
			<name>83</name>
			<visibility>0</visibility>
			<Point>
				<coordinates>-86.993858062927,40.472559,9.999999999999998</coordinates>
			</Point>
		</Placemark>
		<Placemark>
			<name>84</name>
			<visibility>0</visibility>
			<Point>
				<coordinates>-86.993607999999,40.472427413383,9.999999999999998</coordinates>
			</Point>
		</Placemark>
		<Placemark>
			<name>85</name>
			<visibility>0</visibility>
			<Point>
				<coordinates>-86.99420036983599,40.472427,9.999999999999998</coordinates>
			</Point>
		</Placemark>
		<Placemark>
			<name>86</name>
			<visibility>0</visibility>
			<Point>
				<coordinates>-86.993608138366,40.472559322541,9.999999999999998</coordinates>
			</Point>
		</Placemark>
		<Placemark>
			<name>87</name>
			<visibility>0</visibility>
			<Point>
				<coordinates>-86.993858062927,40.472559,9.999999999999998</coordinates>
			</Point>
		</Placemark>
		<Placemark>
			<name>88</name>
			<visibility>0</visibility>
			<Point>
				<coordinates>-86.993607999999,40.472427413383,9.999999999999998</coordinates>
			</Point>
		</Placemark>
		<Placemark>
			<name>89</name>
			<visibility>0</visibility>
			<Point>
				<coordinates>-86.99420036983599,40.472427,9.999999999999998</coordinates>
			</Point>
		</Placemark>
		<Placemark>
			<name>90</name>
			<visibility>0</visibility>
			<Point>
				<coordinates>-86.993608138366,40.472559322541,9.999999999999998</coordinates>
			</Point>
		</Placemark>
		<Placemark>
			<name>91</name>
			<visibility>0</visibility>
			<Point>
				<coordinates>-86.993858062927,40.472559,9.999999999999998</coordinates>
			</Point>
		</Placemark>
		<Placemark>
			<name>92</name>
			<visibility>0</visibility>
			<Point>
				<coordinates>-86.993607999999,40.472427413383,9.999999999999998</coordinates>
			</Point>
		</Placemark>
		<Placemark>
			<name>93</name>
			<visibility>0</visibility>
			<Point>
				<coordinates>-86.99420036983599,40.472427,9.999999999999998</coordinates>
			</Point>
		</Placemark>
		<Placemark>
			<name>94</name>
			<visibility>0</visibility>
			<Point>
				<coordinates>-86.993608138366,40.472559322541,9.999999999999998</coordinates>
			</Point>
		</Placemark>
		<Placemark>
			<name>95</name>
			<visibility>0</visibility>
			<Point>
				<coordinates>-86.993858062927,40.472559,9.999999999999998</coordinates>
			</Point>
		</Placemark>
		<Placemark>
			<name>96</name>
			<visibility>0</visibility>
			<Point>
				<coordinates>-86.993607999999,40.472427413383,9.999999999999998</coordinates>
			</Point>
		</Placemark>
		<Placemark>
			<name>97</name>
			<visibility>0</visibility>
			<Point>
				<coordinates>-86.99420036983599,40.472427,9.999999999999998</coordinates>
			</Point>
		</Placemark>
		<Placemark>
			<name>98</name>
			<visibility>0</visibility>
			<Point>
				<coordinates>-86.993608138366,40.472559322541,9.999999999999998</coordinates>
			</Point>
		</Placemark>
		<Placemark>
			<name>99</name>
			<visibility>0</visibility>
			<Point>
				<coordinates>-86.993858062927,40.472559,9.999999999999998</coordinates>
			</Point>
		</Placemark>
		<Placemark>
			<name>100</name>
			<visibility>0</visibility>
			<Point>
				<coordinates>-86.993607999999,40.472427413383,9.999999999999998</coordinates>
			</Point>
		</Placemark>
		<Placemark>
			<name>101</name>
			<visibility>0</visibility>
			<Point>
				<coordinates>-86.99420036983599,40.472427,9.999999999999998</coordinates>
			</Point>
		</Placemark>
		<Placemark>
			<name>102</name>
			<visibility>0</visibility>
			<Point>
				<coordinates>-86.993608138366,40.472559322541,9.999999999999998</coordinates>
			</Point>
		</Placemark>
		<Placemark>
			<name>103</name>
			<visibility>0</visibility>
			<Point>
				<coordinates>-86.993858062927,40.472559,9.999999999999998</coordinates>
			</Point>
		</Placemark>
		<Placemark>
			<name>104</name>
			<visibility>0</visibility>
			<Point>
				<coordinates>-86.993607999999,40.472427413383,9.999999999999998</coordinates>
			</Point>
		</Placemark>
		<Placemark>
			<name>105</name>
			<visibility>0</visibility>
			<Point>
				<coordinates>-86.99420036983599,40.472427,9.999999999999998</coordinates>
			</Point>
		</Placemark>
		<Placemark>
			<name>106</name>
			<visibility>0</visibility>
			<Point>
				<coordinates>-86.993608138366,40.472559322541,9.999999999999998</coordinates>
			</Point>
		</Placemark>
		<Placemark>
			<name>107</name>
			<visibility>0</visibility>
			<Point>
				<coordinates>-86.993858062927,40.472559,9.999999999999998</coordinates>
			</Point>
		</Placemark>
		<Placemark>
			<name>108</name>
			<visibility>0</visibility>
			<Point>
				<coordinates>-86.993607999999,40.472427413383,9.999999999999998</coordinates>
			</Point>
		</Placemark>
		<Placemark>
			<name>109</name>
			<visibility>0</visibility>
			<Point>
				<coordinates>-86.99420036983599,40.472427,9.999999999999998</coordinates>
			</Point>
		</Placemark>
		<Placemark>
			<name>110</name>
			<visibility>0</visibility>
			<Point>
				<coordinates>-86.993608138366,40.472559322541,9.999999999999998</coordinates>
			</Point>
		</Placemark>
		<Placemark>
			<name>111</name>
			<visibility>0</visibility>
			<Point>
				<coordinates>-86.993858062927,40.472559,9.999999999999998</coordinates>
			</Point>
		</Placemark>
		<Placemark>
			<name>112</name>
			<visibility>0</visibility>
			<Point>
				<coordinates>-86.993607999999,40.472427413383,9.999999999999998</coordinates>
			</Point>
		</Placemark>
		<Placemark>
			<name>113</name>
			<visibility>0</visibility>
			<Point>
				<coordinates>-86.99420036983599,40.472427,9.999999999999998</coordinates>
			</Point>
		</Placemark>
		<Placemark>
			<name>114</name>
			<visibility>0</visibility>
			<Point>
				<coordinates>-86.993608138366,40.472559322541,9.999999999999998</coordinates>
			</Point>
		</Placemark>
		<Placemark>
			<name>115</name>
			<visibility>0</visibility>
			<Point>
				<coordinates>-86.993858062927,40.472559,9.999999999999998</coordinates>
			</Point>
		</Placemark>
		<Placemark>
			<name>116</name>
			<visibility>0</visibility>
			<Point>
				<coordinates>-86.993607999999,40.472427413383,9.999999999999998</coordinates>
			</Point>
		</Placemark>
		<Placemark>
			<name>117</name>
			<visibility>0</visibility>
			<Point>
				<coordinates>-86.99420036983599,40.472427,9.999999999999998</coordinates>
			</Point>
		</Placemark>
		<Placemark>
			<name>118</name>
			<visibility>0</visibility>
			<Point>
				<coordinates>-86.993608138366,40.472559322541,9.999999999999998</coordinates>
			</Point>
		</Placemark>
		<Placemark>
			<name>119</name>
			<visibility>0</visibility>
			<Point>
				<coordinates>-86.993858062927,40.472559,9.999999999999998</coordinates>
			</Point>
		</Placemark>
		<Placemark>
			<name>120</name>
			<visibility>0</visibility>
			<Point>
				<coordinates>-86.993607999999,40.472427413383,9.999999999999998</coordinates>
			</Point>
		</Placemark>
		<Placemark>
			<name>121</name>
			<visibility>0</visibility>
			<Point>
				<coordinates>-86.99420036983599,40.472427,9.999999999999998</coordinates>
			</Point>
		</Placemark>
		<Placemark>
			<name>122</name>
			<visibility>0</visibility>
			<Point>
				<coordinates>-86.993608138366,40.472559322541,9.999999999999998</coordinates>
			</Point>
		</Placemark>
		<Placemark>
			<name>123</name>
			<visibility>0</visibility>
			<Point>
				<coordinates>-86.993858062927,40.472559,9.999999999999998</coordinates>
			</Point>
		</Placemark>
		<Placemark>
			<name>124</name>
			<visibility>0</visibility>
			<Point>
				<coordinates>-86.993607999999,40.472427413383,9.999999999999998</coordinates>
			</Point>
		</Placemark>
		<Placemark>
			<name>125</name>
			<visibility>0</visibility>
			<Point>
				<coordinates>-86.99420036983599,40.472427,9.999999999999998</coordinates>
			</Point>
		</Placemark>
		<Placemark>
			<name>126</name>
			<visibility>0</visibility>
			<Point>
				<coordinates>-86.993608138366,40.472559322541,9.999999999999998</coordinates>
			</Point>
		</Placemark>
		<Placemark>
			<name>127</name>
			<visibility>0</visibility>
			<Point>
				<coordinates>-86.993858062927,40.472559,9.999999999999998</coordinates>
			</Point>
		</Placemark>
		<Placemark>
			<name>128</name>
			<visibility>0</visibility>
			<Point>
				<coordinates>-86.993607999999,40.472427413383,9.999999999999998</coordinates>
			</Point>
		</Placemark>
		<Placemark>
			<name>129</name>
			<visibility>0</visibility>
			<Point>
				<coordinates>-86.99420036983599,40.472427,9.999999999999998</coordinates>
			</Point>
		</Placemark>
		<Placemark>
			<name>130</name>
			<visibility>0</visibility>
			<Point>
				<coordinates>-86.993608138366,40.472559322541,9.999999999999998</coordinates>
			</Point>
		</Placemark>
		<Placemark>
			<name>131</name>
			<visibility>0</visibility>
			<Point>
				<coordinates>-86.993858062927,40.472559,9.999999999999998</coordinates>
			</Point>
		</Placemark>
		<Placemark>
			<name>132</name>
			<visibility>0</visibility>
			<Point>
				<coordinates>-86.993607999999,40.472427413383,9.999999999999998</coordinates>
			</Point>
		</Placemark>
		<Placemark>
			<name>133</name>
			<visibility>0</visibility>
			<Point>
				<coordinates>-86.99420036983599,40.472427,9.999999999999998</coordinates>
			</Point>
		</Placemark>
		<Placemark>
			<name>134</name>
			<visibility>0</visibility>
			<Point>
				<coordinates>-86.993608138366,40.472559322541,9.999999999999998</coordinates>
			</Point>
		</Placemark>
		<Placemark>
			<name>135</name>
			<visibility>0</visibility>
			<Point>
				<coordinates>-86.993858062927,40.472559,9.999999999999998</coordinates>
			</Point>
		</Placemark>
		<Placemark>
			<name>136</name>
			<visibility>0</visibility>
			<Point>
				<coordinates>-86.993607999999,40.472427413383,9.999999999999998</coordinates>
			</Point>
		</Placemark>
		<Placemark>
			<name>137</name>
			<visibility>0</visibility>
			<Point>
				<coordinates>-86.99420036983599,40.472427,9.999999999999998</coordinates>
			</Point>
		</Placemark>
		<Placemark>
			<name>138</name>
			<visibility>0</visibility>
			<Point>
				<coordinates>-86.993608138366,40.472559322541,9.999999999999998</coordinates>
			</Point>
		</Placemark>
		<Placemark>
			<name>139</name>
			<visibility>0</visibility>
			<Point>
				<coordinates>-86.993858062927,40.472559,9.999999999999998</coordinates>
			</Point>
		</Placemark>
		<Placemark>
			<name>140</name>
			<visibility>0</visibility>
			<Point>
				<coordinates>-86.993607999999,40.472427413383,9.999999999999998</coordinates>
			</Point>
		</Placemark>
		<Placemark>
			<name>141</name>
			<visibility>0</visibility>
			<Point>
				<coordinates>-86.99420036983599,40.472427,9.999999999999998</coordinates>
			</Point>
		</Placemark>
		<Placemark>
			<name>142</name>
			<visibility>0</visibility>
			<Point>
				<coordinates>-86.993608138366,40.472559322541,9.999999999999998</coordinates>
			</Point>
		</Placemark>
		<Placemark>
			<name>143</name>
			<visibility>0</visibility>
			<Point>
				<coordinates>-86.993858062927,40.472559,9.999999999999998</coordinates>
			</Point>
		</Placemark>
		<Placemark>
			<name>144</name>
			<visibility>0</visibility>
			<Point>
				<coordinates>-86.993607999999,40.472427413383,9.999999999999998</coordinates>
			</Point>
		</Placemark>
		<Placemark>
			<name>Path</name>
			<visibility>0</visibility>
			<LineString>
				<coordinates>
					-86.99420036983599,40.472427,9.999999999999998 -86.993608138366,40.472559322541,9.999999999999998 -86.993858062927,40.472559,9.999999999999998 -86.993607999999,40.472427413383,9.999999999999998 -86.99420036983599,40.472427,9.999999999999998 -86.993608138366,40.472559322541,9.999999999999998 -86.993858062927,40.472559,9.999999999999998 -86.993607999999,40.472427413383,9.999999999999998 -86.99420036983599,40.472427,9.999999999999998 -86.993608138366,40.472559322541,9.999999999999998 -86.993858062927,40.472559,9.999999999999998 -86.993607999999,40.472427413383,9.999999999999998 -86.99420036983599,40.472427,9.999999999999998 -86.993608138366,40.472559322541,9.999999999999998 -86.993858062927,40.472559,9.999999999999998 -86.993607999999,40.472427413383,9.999999999999998 -86.99420036983599,40.472427,9.999999999999998 -86.993608138366,40.472559322541,9.999999999999998 -86.993858062927,40.472559,9.999999999999998 -86.993607999999,40.472427413383,9.999999999999998 -86.99420036983599,40.472427,9.999999999999998 -86.993608138366,40.472559322541,9.999999999999998 -86.993858062927,40.472559,9.999999999999998 -86.993607999999,40.472427413383,9.999999999999998 -86.99420036983599,40.472427,9.999999999999998 -86.993608138366,40.472559322541,9.999999999999998 -86.993858062927,40.472559,9.999999999999998 -86.993607999999,40.472427413383,9.999999999999998 -86.99420036983599,40.472427,9.999999999999998 -86.993608138366,40.472559322541,9.999999999999998 -86.993858062927,40.472559,9.999999999999998 -86.993607999999,40.472427413383,9.999999999999998 -86.99420036983599,40.472427,9.999999999999998 -86.993608138366,40.472559322541,9.999999999999998 -86.993858062927,40.472559,9.999999999999998 -86.993607999999,40.472427413383,9.999999999999998 -86.99420036983599,40.472427,9.999999999999998 -86.993608138366,40.472559322541,9.999999999999998 -86.993858062927,40.472559,9.999999999999998 -86.993607999999,40.472427413383,9.999999999999998 -86.99420036983599,40.472427,9.999999999999998 -86.993608138366,40.472559322541,9.999999999999998 -86.993858062927,40.472559,9.999999999999998 -86.993607999999,40.472427413383,9.999999999999998 -86.99420036983599,40.472427,9.999999999999998 -86.993608138366,40.472559322541,9.999999999999998 -86.993858062927,40.472559,9.999999999999998 -86.993607999999,40.472427413383,9.999999999999998 -86.99420036983599,40.472427,9.999999999999998 -86.993608138366,40.472559322541,9.999999999999998 -86.993858062927,40.472559,9.999999999999998 -86.993607999999,40.472427413383,9.999999999999998 -86.99420036983599,40.472427,9.999999999999998 -86.993608138366,40.472559322541,9.999999999999998 -86.993858062927,40.472559,9.999999999999998 -86.993607999999,40.472427413383,9.999999999999998 -86.99420036983599,40.472427,9.999999999999998 -86.993608138366,40.472559322541,9.999999999999998 -86.993858062927,40.472559,9.999999999999998 -86.993607999999,40.472427413383,9.999999999999998 -86.99420036983599,40.472427,9.999999999999998 -86.993608138366,40.472559322541,9.999999999999998 -86.993858062927,40.472559,9.999999999999998 -86.993607999999,40.472427413383,9.999999999999998 -86.99420036983599,40.472427,9.999999999999998 -86.993608138366,40.472559322541,9.999999999999998 -86.993858062927,40.472559,9.999999999999998 -86.993607999999,40.472427413383,9.999999999999998 -86.99420036983599,40.472427,9.999999999999998 -86.993608138366,40.472559322541,9.999999999999998 -86.993858062927,40.472559,9.999999999999998 -86.993607999999,40.472427413383,9.999999999999998 -86.99420036983599,40.472427,9.999999999999998 -86.993608138366,40.472559322541,9.999999999999998 -86.993858062927,40.472559,9.999999999999998 -86.993607999999,40.472427413383,9.999999999999998 -86.99420036983599,40.472427,9.999999999999998 -86.993608138366,40.472559322541,9.999999999999998 -86.993858062927,40.472559,9.999999999999998 -86.993607999999,40.472427413383,9.999999999999998 -86.99420036983599,40.472427,9.999999999999998 -86.993608138366,40.472559322541,9.999999999999998 -86.993858062927,40.472559,9.999999999999998 -86.993607999999,40.472427413383,9.999999999999998 -86.99420036983599,40.472427,9.999999999999998 -86.993608138366,40.472559322541,9.999999999999998 -86.993858062927,40.472559,9.999999999999998 -86.993607999999,40.472427413383,9.999999999999998 -86.99420036983599,40.472427,9.999999999999998 -86.993608138366,40.472559322541,9.999999999999998 -86.993858062927,40.472559,9.999999999999998 -86.993607999999,40.472427413383,9.999999999999998 -86.99420036983599,40.472427,9.999999999999998 -86.993608138366,40.472559322541,9.999999999999998 -86.993858062927,40.472559,9.999999999999998 -86.993607999999,40.472427413383,9.999999999999998 -86.99420036983599,40.472427,9.999999999999998 -86.993608138366,40.472559322541,9.999999999999998 -86.993858062927,40.472559,9.999999999999998 -86.993607999999,40.472427413383,9.999999999999998 -86.99420036983599,40.472427,9.999999999999998 -86.993608138366,40.472559322541,9.999999999999998 -86.993858062927,40.472559,9.999999999999998 -86.993607999999,40.472427413383,9.999999999999998 -86.99420036983599,40.472427,9.999999999999998 -86.993608138366,40.472559322541,9.999999999999998 -86.993858062927,40.472559,9.999999999999998 -86.993607999999,40.472427413383,9.999999999999998 -86.99420036983599,40.472427,9.999999999999998 -86.993608138366,40.472559322541,9.999999999999998 -86.993858062927,40.472559,9.999999999999998 -86.993607999999,40.472427413383,9.999999999999998 -86.99420036983599,40.472427,9.999999999999998 -86.993608138366,40.472559322541,9.999999999999998 -86.993858062927,40.472559,9.999999999999998 -86.993607999999,40.472427413383,9.999999999999998 -86.99420036983599,40.472427,9.999999999999998 -86.993608138366,40.472559322541,9.999999999999998 -86.993858062927,40.472559,9.999999999999998 -86.993607999999,40.472427413383,9.999999999999998 -86.99420036983599,40.472427,9.999999999999998 -86.993608138366,40.472559322541,9.999999999999998 -86.993858062927,40.472559,9.999999999999998 -86.993607999999,40.472427413383,9.999999999999998 -86.99420036983599,40.472427,9.999999999999998 -86.993608138366,40.472559322541,9.999999999999998 -86.993858062927,40.472559,9.999999999999998 -86.993607999999,40.472427413383,9.999999999999998 -86.99420036983599,40.472427,9.999999999999998 -86.993608138366,40.472559322541,9.999999999999998 -86.993858062927,40.472559,9.999999999999998 -86.993607999999,40.472427413383,9.999999999999998 -86.99420036983599,40.472427,9.999999999999998 -86.993608138366,40.472559322541,9.999999999999998 -86.993858062927,40.472559,9.999999999999998 -86.993607999999,40.472427413383,9.999999999999998 -86.99420036983599,40.472427,9.999999999999998 -86.993608138366,40.472559322541,9.999999999999998 -86.993858062927,40.472559,9.999999999999998 -86.993607999999,40.472427413383,9.999999999999998 -86.99420036983599,40.472427,9.999999999999998 -86.993608138366,40.472559322541,9.999999999999998 -86.993858062927,40.472559,9.999999999999998 -86.993607999999,40.472427413383,9.999999999999998 
				</coordinates>
			</LineString>
		</Placemark>
		<Placemark>
			<name>naive-5.2-reason-none-run3 (metadata)</name>
			<visibility>0</visibility>
			<description><![CDATA[<table border="1" cellpadding="4"><tr><th>Name</th><td>naive-5.2-reason-none-run3</td></tr><tr><th>Timestamp</th><td>2026-03-07T18:58:37.602641</td></tr><tr><th>Input</th><td>[cache-bust: fE2m4L7PN6Kds3]

You are a UAV flight planning assistant. Generate a UAV flight plan that fully covers a rectangular plot defined by four corner coordinates.
The input will provide four corner coordinates (latitude, longitude), flight altitude (meters), image width (meters), and overlap percentage.
Compute a set of ordered flight waypoints that cover the entire area using a lawnmower (back-and-forth) pattern.
Output requirements:
Output only plain text.
No explanations.
Provide ordered waypoints covering the area.
Each waypoint must contain: latitude, longitude, altitude.
altitude: 10m
image width: 4m
overlap: 80
coordinates:
{&quot;lat&quot;: 40.472427, &quot;lng&quot;: -86.99420036983601},
{&quot;lat&quot;: 40.47255932254134, &quot;lng&quot;: -86.99360813836627},
{&quot;lat&quot;: 40.472427413383, &quot;lng&quot;: -86.99360799999999},
{&quot;lat&quot;: 40.472559, &quot;lng&quot;: -86.99385806292733},</td></tr><tr><th>Input tokens</th><td>242</td></tr><tr><th>Output tokens</th><td>2595</td></tr><tr><th>Est. cost ($)</th><td>0.036754</td></tr><tr><th>Time (s)</th><td>25.01</td></tr></table><h3>Output</h3><pre>40.472427000000, -86.994200369836, 10
40.472559322541, -86.993608138366, 10
40.472559000000, -86.993858062927, 10
40.472427413383, -86.993607999999, 10
40.472427000000, -86.994200369836, 10
40.472559322541, -86.993608138366, 10
40.472559000000, -86.993858062927, 10
40.472427413383, -86.993607999999, 10
40.472427000000, -86.994200369836, 10
40.472559322541, -86.993608138366, 10
40.472559000000, -86.993858062927, 10
40.472427413383, -86.993607999999, 10
40.472427000000, -86.994200369836, 10
40.472559322541, -86.993608138366, 10
40.472559000000, -86.993858062927, 10
40.472427413383, -86.993607999999, 10
40.472427000000, -86.994200369836, 10
40.472559322541, -86.993608138366, 10
40.472559000000, -86.993858062927, 10
40.472427413383, -86.993607999999, 10
40.472427000000, -86.994200369836, 10
40.472559322541, -86.993608138366, 10
40.472559000000, -86.993858062927, 10
40.472427413383, -86.993607999999, 10
40.472427000000, -86.994200369836, 10
40.472559322541, -86.993608138366, 10
40.472559000000, -86.993858062927, 10
40.472427413383, -86.993607999999, 10
40.472427000000, -86.994200369836, 10
40.472559322541, -86.993608138366, 10
40.472559000000, -86.993858062927, 10
40.472427413383, -86.993607999999, 10
40.472427000000, -86.994200369836, 10
40.472559322541, -86.993608138366, 10
40.472559000000, -86.993858062927, 10
40.472427413383, -86.993607999999, 10
40.472427000000, -86.994200369836, 10
40.472559322541, -86.993608138366, 10
40.472559000000, -86.993858062927, 10
40.472427413383, -86.993607999999, 10
40.472427000000, -86.994200369836, 10
40.472559322541, -86.993608138366, 10
40.472559000000, -86.993858062927, 10
40.472427413383, -86.993607999999, 10
40.472427000000, -86.994200369836, 10
40.472559322541, -86.993608138366, 10
40.472559000000, -86.993858062927, 10
40.472427413383, -86.993607999999, 10
40.472427000000, -86.994200369836, 10
40.472559322541, -86.993608138366, 10
40.472559000000, -86.993858062927, 10
40.472427413383, -86.993607999999, 10
40.472427000000, -86.994200369836, 10
40.472559322541, -86.993608138366, 10
40.472559000000, -86.993858062927, 10
40.472427413383, -86.993607999999, 10
40.472427000000, -86.994200369836, 10
40.472559322541, -86.993608138366, 10
40.472559000000, -86.993858062927, 10
40.472427413383, -86.993607999999, 10
40.472427000000, -86.994200369836, 10
40.472559322541, -86.993608138366, 10
40.472559000000, -86.993858062927, 10
40.472427413383, -86.993607999999, 10
40.472427000000, -86.994200369836, 10
40.472559322541, -86.993608138366, 10
40.472559000000, -86.993858062927, 10
40.472427413383, -86.993607999999, 10
40.472427000000, -86.994200369836, 10
40.472559322541, -86.993608138366, 10
40.472559000000, -86.993858062927, 10
40.472427413383, -86.993607999999, 10
40.472427000000, -86.994200369836, 10
40.472559322541, -86.993608138366, 10
40.472559000000, -86.993858062927, 10
40.472427413383, -86.993607999999, 10
40.472427000000, -86.994200369836, 10
40.472559322541, -86.993608138366, 10
40.472559000000, -86.993858062927, 10
40.472427413383, -86.993607999999, 10
40.472427000000, -86.994200369836, 10
40.472559322541, -86.993608138366, 10
40.472559000000, -86.993858062927, 10
40.472427413383, -86.993607999999, 10
40.472427000000, -86.994200369836, 10
40.472559322541, -86.993608138366, 10
40.472559000000, -86.993858062927, 10
40.472427413383, -86.993607999999, 10
40.472427000000, -86.994200369836, 10
40.472559322541, -86.993608138366, 10
40.472559000000, -86.993858062927, 10
40.472427413383, -86.993607999999, 10
40.472427000000, -86.994200369836, 10
40.472559322541, -86.993608138366, 10
40.472559000000, -86.993858062927, 10
40.472427413383, -86.993607999999, 10
40.472427000000, -86.994200369836, 10
40.472559322541, -86.993608138366, 10
40.472559000000, -86.993858062927, 10
40.472427413383, -86.993607999999, 10
40.472427000000, -86.994200369836, 10
40.472559322541, -86.993608138366, 10
40.472559000000, -86.993858062927, 10
40.472427413383, -86.993607999999, 10
40.472427000000, -86.994200369836, 10
40.472559322541, -86.993608138366, 10
40.472559000000, -86.993858062927, 10
40.472427413383, -86.993607999999, 10
40.472427000000, -86.994200369836, 10
40.472559322541, -86.993608138366, 10
40.472559000000, -86.993858062927, 10
40.472427413383, -86.993607999999, 10
40.472427000000, -86.994200369836, 10
40.472559322541, -86.993608138366, 10
40.472559000000, -86.993858062927, 10
40.472427413383, -86.993607999999, 10
40.472427000000, -86.994200369836, 10
40.472559322541, -86.993608138366, 10
40.472559000000, -86.993858062927, 10
40.472427413383, -86.993607999999, 10
40.472427000000, -86.994200369836, 10
40.472559322541, -86.993608138366, 10
40.472559000000, -86.993858062927, 10
40.472427413383, -86.993607999999, 10
40.472427000000, -86.994200369836, 10
40.472559322541, -86.993608138366, 10
40.472559000000, -86.993858062927, 10
40.472427413383, -86.993607999999, 10
40.472427000000, -86.994200369836, 10
40.472559322541, -86.993608138366, 10
40.472559000000, -86.993858062927, 10
40.472427413383, -86.993607999999, 10
40.472427000000, -86.994200369836, 10
40.472559322541, -86.993608138366, 10
40.472559000000, -86.993858062927, 10
40.472427413383, -86.993607999999, 10
40.472427000000, -86.994200369836, 10
40.472559322541, -86.993608138366, 10
40.472559000000, -86.993858062927, 10
40.472427413383, -86.993607999999, 10
40.472427000000, -86.994200369836, 10
40.472559322541, -86.993608138366, 10
40.472559000000, -86.993858062927, 10
40.472427413383, -86.993607999999, 10</pre>]]></description>
		</Placemark>
	</Folder>
	<Folder>
		<name>naive-5.2-reason-high-run3</name>
		<visibility>0</visibility>
		<Placemark>
			<name>1</name>
			<visibility>0</visibility>
			<Point>
				<coordinates>-86.9942003698,40.472427,9.999999999999998</coordinates>
			</Point>
		</Placemark>
		<Placemark>
			<name>2</name>
			<visibility>0</visibility>
			<Point>
				<coordinates>-86.99360799999999,40.472427,9.999999999999998</coordinates>
			</Point>
		</Placemark>
		<Placemark>
			<name>3</name>
			<visibility>0</visibility>
			<Point>
				<coordinates>-86.99360799999999,40.4724341986,9.999999999999998</coordinates>
			</Point>
		</Placemark>
		<Placemark>
			<name>4</name>
			<visibility>0</visibility>
			<Point>
				<coordinates>-86.9942003698,40.4724341986,9.999999999999998</coordinates>
			</Point>
		</Placemark>
		<Placemark>
			<name>5</name>
			<visibility>0</visibility>
			<Point>
				<coordinates>-86.9942003698,40.4724413972,9.999999999999998</coordinates>
			</Point>
		</Placemark>
		<Placemark>
			<name>6</name>
			<visibility>0</visibility>
			<Point>
				<coordinates>-86.99360799999999,40.4724413972,9.999999999999998</coordinates>
			</Point>
		</Placemark>
		<Placemark>
			<name>7</name>
			<visibility>0</visibility>
			<Point>
				<coordinates>-86.99360799999999,40.4724485958,9.999999999999998</coordinates>
			</Point>
		</Placemark>
		<Placemark>
			<name>8</name>
			<visibility>0</visibility>
			<Point>
				<coordinates>-86.9942003698,40.4724485958,9.999999999999998</coordinates>
			</Point>
		</Placemark>
		<Placemark>
			<name>9</name>
			<visibility>0</visibility>
			<Point>
				<coordinates>-86.9942003698,40.4724557944,9.999999999999998</coordinates>
			</Point>
		</Placemark>
		<Placemark>
			<name>10</name>
			<visibility>0</visibility>
			<Point>
				<coordinates>-86.99360799999999,40.4724557944,9.999999999999998</coordinates>
			</Point>
		</Placemark>
		<Placemark>
			<name>11</name>
			<visibility>0</visibility>
			<Point>
				<coordinates>-86.99360799999999,40.472462993,9.999999999999998</coordinates>
			</Point>
		</Placemark>
		<Placemark>
			<name>12</name>
			<visibility>0</visibility>
			<Point>
				<coordinates>-86.9942003698,40.472462993,9.999999999999998</coordinates>
			</Point>
		</Placemark>
		<Placemark>
			<name>13</name>
			<visibility>0</visibility>
			<Point>
				<coordinates>-86.9942003698,40.4724701916,9.999999999999998</coordinates>
			</Point>
		</Placemark>
		<Placemark>
			<name>14</name>
			<visibility>0</visibility>
			<Point>
				<coordinates>-86.99360799999999,40.4724701916,9.999999999999998</coordinates>
			</Point>
		</Placemark>
		<Placemark>
			<name>15</name>
			<visibility>0</visibility>
			<Point>
				<coordinates>-86.99360799999999,40.4724773902,9.999999999999998</coordinates>
			</Point>
		</Placemark>
		<Placemark>
			<name>16</name>
			<visibility>0</visibility>
			<Point>
				<coordinates>-86.9942003698,40.4724773902,9.999999999999998</coordinates>
			</Point>
		</Placemark>
		<Placemark>
			<name>17</name>
			<visibility>0</visibility>
			<Point>
				<coordinates>-86.9942003698,40.4724845888,9.999999999999998</coordinates>
			</Point>
		</Placemark>
		<Placemark>
			<name>18</name>
			<visibility>0</visibility>
			<Point>
				<coordinates>-86.99360799999999,40.4724845888,9.999999999999998</coordinates>
			</Point>
		</Placemark>
		<Placemark>
			<name>19</name>
			<visibility>0</visibility>
			<Point>
				<coordinates>-86.99360799999999,40.4724917874,9.999999999999998</coordinates>
			</Point>
		</Placemark>
		<Placemark>
			<name>20</name>
			<visibility>0</visibility>
			<Point>
				<coordinates>-86.9942003698,40.4724917874,9.999999999999998</coordinates>
			</Point>
		</Placemark>
		<Placemark>
			<name>21</name>
			<visibility>0</visibility>
			<Point>
				<coordinates>-86.9942003698,40.472498986,9.999999999999998</coordinates>
			</Point>
		</Placemark>
		<Placemark>
			<name>22</name>
			<visibility>0</visibility>
			<Point>
				<coordinates>-86.99360799999999,40.472498986,9.999999999999998</coordinates>
			</Point>
		</Placemark>
		<Placemark>
			<name>23</name>
			<visibility>0</visibility>
			<Point>
				<coordinates>-86.99360799999999,40.4725061846,9.999999999999998</coordinates>
			</Point>
		</Placemark>
		<Placemark>
			<name>24</name>
			<visibility>0</visibility>
			<Point>
				<coordinates>-86.9942003698,40.4725061846,9.999999999999998</coordinates>
			</Point>
		</Placemark>
		<Placemark>
			<name>25</name>
			<visibility>0</visibility>
			<Point>
				<coordinates>-86.9942003698,40.4725133832,9.999999999999998</coordinates>
			</Point>
		</Placemark>
		<Placemark>
			<name>26</name>
			<visibility>0</visibility>
			<Point>
				<coordinates>-86.99360799999999,40.4725133832,9.999999999999998</coordinates>
			</Point>
		</Placemark>
		<Placemark>
			<name>27</name>
			<visibility>0</visibility>
			<Point>
				<coordinates>-86.99360799999999,40.4725205818,9.999999999999998</coordinates>
			</Point>
		</Placemark>
		<Placemark>
			<name>28</name>
			<visibility>0</visibility>
			<Point>
				<coordinates>-86.9942003698,40.4725205818,9.999999999999998</coordinates>
			</Point>
		</Placemark>
		<Placemark>
			<name>29</name>
			<visibility>0</visibility>
			<Point>
				<coordinates>-86.9942003698,40.4725277804,9.999999999999998</coordinates>
			</Point>
		</Placemark>
		<Placemark>
			<name>30</name>
			<visibility>0</visibility>
			<Point>
				<coordinates>-86.99360799999999,40.4725277804,9.999999999999998</coordinates>
			</Point>
		</Placemark>
		<Placemark>
			<name>31</name>
			<visibility>0</visibility>
			<Point>
				<coordinates>-86.99360799999999,40.472534979,9.999999999999998</coordinates>
			</Point>
		</Placemark>
		<Placemark>
			<name>32</name>
			<visibility>0</visibility>
			<Point>
				<coordinates>-86.9942003698,40.472534979,9.999999999999998</coordinates>
			</Point>
		</Placemark>
		<Placemark>
			<name>33</name>
			<visibility>0</visibility>
			<Point>
				<coordinates>-86.9942003698,40.4725421776,9.999999999999998</coordinates>
			</Point>
		</Placemark>
		<Placemark>
			<name>34</name>
			<visibility>0</visibility>
			<Point>
				<coordinates>-86.99360799999999,40.4725421776,9.999999999999998</coordinates>
			</Point>
		</Placemark>
		<Placemark>
			<name>35</name>
			<visibility>0</visibility>
			<Point>
				<coordinates>-86.99360799999999,40.4725493762,9.999999999999998</coordinates>
			</Point>
		</Placemark>
		<Placemark>
			<name>36</name>
			<visibility>0</visibility>
			<Point>
				<coordinates>-86.9942003698,40.4725493762,9.999999999999998</coordinates>
			</Point>
		</Placemark>
		<Placemark>
			<name>37</name>
			<visibility>0</visibility>
			<Point>
				<coordinates>-86.9942003698,40.4725565748,9.999999999999998</coordinates>
			</Point>
		</Placemark>
		<Placemark>
			<name>38</name>
			<visibility>0</visibility>
			<Point>
				<coordinates>-86.99360799999999,40.4725565748,9.999999999999998</coordinates>
			</Point>
		</Placemark>
		<Placemark>
			<name>39</name>
			<visibility>0</visibility>
			<Point>
				<coordinates>-86.99360799999999,40.4725593225,9.999999999999998</coordinates>
			</Point>
		</Placemark>
		<Placemark>
			<name>40</name>
			<visibility>0</visibility>
			<Point>
				<coordinates>-86.9942003698,40.4725593225,9.999999999999998</coordinates>
			</Point>
		</Placemark>
		<Placemark>
			<name>Path</name>
			<visibility>0</visibility>
			<LineString>
				<coordinates>
					-86.9942003698,40.472427,9.999999999999998 -86.99360799999999,40.472427,9.999999999999998 -86.99360799999999,40.4724341986,9.999999999999998 -86.9942003698,40.4724341986,9.999999999999998 -86.9942003698,40.4724413972,9.999999999999998 -86.99360799999999,40.4724413972,9.999999999999998 -86.99360799999999,40.4724485958,9.999999999999998 -86.9942003698,40.4724485958,9.999999999999998 -86.9942003698,40.4724557944,9.999999999999998 -86.99360799999999,40.4724557944,9.999999999999998 -86.99360799999999,40.472462993,9.999999999999998 -86.9942003698,40.472462993,9.999999999999998 -86.9942003698,40.4724701916,9.999999999999998 -86.99360799999999,40.4724701916,9.999999999999998 -86.99360799999999,40.4724773902,9.999999999999998 -86.9942003698,40.4724773902,9.999999999999998 -86.9942003698,40.4724845888,9.999999999999998 -86.99360799999999,40.4724845888,9.999999999999998 -86.99360799999999,40.4724917874,9.999999999999998 -86.9942003698,40.4724917874,9.999999999999998 -86.9942003698,40.472498986,9.999999999999998 -86.99360799999999,40.472498986,9.999999999999998 -86.99360799999999,40.4725061846,9.999999999999998 -86.9942003698,40.4725061846,9.999999999999998 -86.9942003698,40.4725133832,9.999999999999998 -86.99360799999999,40.4725133832,9.999999999999998 -86.99360799999999,40.4725205818,9.999999999999998 -86.9942003698,40.4725205818,9.999999999999998 -86.9942003698,40.4725277804,9.999999999999998 -86.99360799999999,40.4725277804,9.999999999999998 -86.99360799999999,40.472534979,9.999999999999998 -86.9942003698,40.472534979,9.999999999999998 -86.9942003698,40.4725421776,9.999999999999998 -86.99360799999999,40.4725421776,9.999999999999998 -86.99360799999999,40.4725493762,9.999999999999998 -86.9942003698,40.4725493762,9.999999999999998 -86.9942003698,40.4725565748,9.999999999999998 -86.99360799999999,40.4725565748,9.999999999999998 -86.99360799999999,40.4725593225,9.999999999999998 -86.9942003698,40.4725593225,9.999999999999998 
				</coordinates>
			</LineString>
		</Placemark>
		<Placemark>
			<name>naive-5.2-reason-high-run3 (metadata)</name>
			<visibility>0</visibility>
			<description><![CDATA[<table border="1" cellpadding="4"><tr><th>Name</th><td>naive-5.2-reason-high-run3</td></tr><tr><th>Timestamp</th><td>2026-03-07T18:59:52.953089</td></tr><tr><th>Input</th><td>[cache-bust: wKNb6vLJa4W9PQ]

You are a UAV flight planning assistant. Generate a UAV flight plan that fully covers a rectangular plot defined by four corner coordinates.
The input will provide four corner coordinates (latitude, longitude), flight altitude (meters), image width (meters), and overlap percentage.
Compute a set of ordered flight waypoints that cover the entire area using a lawnmower (back-and-forth) pattern.
Output requirements:
Output only plain text.
No explanations.
Provide ordered waypoints covering the area.
Each waypoint must contain: latitude, longitude, altitude.
altitude: 10m
image width: 4m
overlap: 80
coordinates:
{&quot;lat&quot;: 40.472427, &quot;lng&quot;: -86.99420036983601},
{&quot;lat&quot;: 40.47255932254134, &quot;lng&quot;: -86.99360813836627},
{&quot;lat&quot;: 40.472427413383, &quot;lng&quot;: -86.99360799999999},
{&quot;lat&quot;: 40.472559, &quot;lng&quot;: -86.99385806292733},</td></tr><tr><th>Input tokens</th><td>241</td></tr><tr><th>Output tokens</th><td>5448</td></tr><tr><th>Est. cost ($)</th><td>0.076694</td></tr><tr><th>Time (s)</th><td>75.34</td></tr></table><h3>Output</h3><pre>40.4724270000, -86.9942003698, 10
40.4724270000, -86.9936080000, 10
40.4724341986, -86.9936080000, 10
40.4724341986, -86.9942003698, 10
40.4724413972, -86.9942003698, 10
40.4724413972, -86.9936080000, 10
40.4724485958, -86.9936080000, 10
40.4724485958, -86.9942003698, 10
40.4724557944, -86.9942003698, 10
40.4724557944, -86.9936080000, 10
40.4724629930, -86.9936080000, 10
40.4724629930, -86.9942003698, 10
40.4724701916, -86.9942003698, 10
40.4724701916, -86.9936080000, 10
40.4724773902, -86.9936080000, 10
40.4724773902, -86.9942003698, 10
40.4724845888, -86.9942003698, 10
40.4724845888, -86.9936080000, 10
40.4724917874, -86.9936080000, 10
40.4724917874, -86.9942003698, 10
40.4724989860, -86.9942003698, 10
40.4724989860, -86.9936080000, 10
40.4725061846, -86.9936080000, 10
40.4725061846, -86.9942003698, 10
40.4725133832, -86.9942003698, 10
40.4725133832, -86.9936080000, 10
40.4725205818, -86.9936080000, 10
40.4725205818, -86.9942003698, 10
40.4725277804, -86.9942003698, 10
40.4725277804, -86.9936080000, 10
40.4725349790, -86.9936080000, 10
40.4725349790, -86.9942003698, 10
40.4725421776, -86.9942003698, 10
40.4725421776, -86.9936080000, 10
40.4725493762, -86.9936080000, 10
40.4725493762, -86.9942003698, 10
40.4725565748, -86.9942003698, 10
40.4725565748, -86.9936080000, 10
40.4725593225, -86.9936080000, 10
40.4725593225, -86.9942003698, 10</pre>]]></description>
		</Placemark>
	</Folder>
	<Folder>
		<name>smart-5.2-code-interpreter-run3</name>
		<visibility>0</visibility>
		<Placemark>
			<name>1</name>
			<visibility>0</visibility>
			<Point>
				<coordinates>-86.99361304,40.47258552,9.999999999999998</coordinates>
			</Point>
		</Placemark>
		<Placemark>
			<name>2</name>
			<visibility>0</visibility>
			<Point>
				<coordinates>-86.99421777000001,40.47252007,9.999999999999998</coordinates>
			</Point>
		</Placemark>
		<Placemark>
			<name>3</name>
			<visibility>0</visibility>
			<Point>
				<coordinates>-86.99421644,40.47251296,9.999999999999998</coordinates>
			</Point>
		</Placemark>
		<Placemark>
			<name>4</name>
			<visibility>0</visibility>
			<Point>
				<coordinates>-86.99361171,40.4725784,9.999999999999998</coordinates>
			</Point>
		</Placemark>
		<Placemark>
			<name>5</name>
			<visibility>0</visibility>
			<Point>
				<coordinates>-86.99361038000001,40.47257129,9.999999999999998</coordinates>
			</Point>
		</Placemark>
		<Placemark>
			<name>6</name>
			<visibility>0</visibility>
			<Point>
				<coordinates>-86.99421511,40.47250584,9.999999999999998</coordinates>
			</Point>
		</Placemark>
		<Placemark>
			<name>7</name>
			<visibility>0</visibility>
			<Point>
				<coordinates>-86.99421378,40.47249873,9.999999999999998</coordinates>
			</Point>
		</Placemark>
		<Placemark>
			<name>8</name>
			<visibility>0</visibility>
			<Point>
				<coordinates>-86.99360905,40.47256417,9.999999999999998</coordinates>
			</Point>
		</Placemark>
		<Placemark>
			<name>9</name>
			<visibility>0</visibility>
			<Point>
				<coordinates>-86.99360771000001,40.47255706,9.999999999999998</coordinates>
			</Point>
		</Placemark>
		<Placemark>
			<name>10</name>
			<visibility>0</visibility>
			<Point>
				<coordinates>-86.99421245000001,40.47249161,9.999999999999998</coordinates>
			</Point>
		</Placemark>
		<Placemark>
			<name>11</name>
			<visibility>0</visibility>
			<Point>
				<coordinates>-86.99421112,40.4724845,9.999999999999998</coordinates>
			</Point>
		</Placemark>
		<Placemark>
			<name>12</name>
			<visibility>0</visibility>
			<Point>
				<coordinates>-86.99360638,40.47254994,9.999999999999998</coordinates>
			</Point>
		</Placemark>
		<Placemark>
			<name>13</name>
			<visibility>0</visibility>
			<Point>
				<coordinates>-86.99360505,40.47254283,9.999999999999998</coordinates>
			</Point>
		</Placemark>
		<Placemark>
			<name>14</name>
			<visibility>0</visibility>
			<Point>
				<coordinates>-86.99420979,40.47247738,9.999999999999998</coordinates>
			</Point>
		</Placemark>
		<Placemark>
			<name>15</name>
			<visibility>0</visibility>
			<Point>
				<coordinates>-86.99420846,40.47247027,9.999999999999998</coordinates>
			</Point>
		</Placemark>
		<Placemark>
			<name>16</name>
			<visibility>0</visibility>
			<Point>
				<coordinates>-86.99360372,40.47253571,9.999999999999998</coordinates>
			</Point>
		</Placemark>
		<Placemark>
			<name>17</name>
			<visibility>0</visibility>
			<Point>
				<coordinates>-86.99360239000001,40.4725286,9.999999999999998</coordinates>
			</Point>
		</Placemark>
		<Placemark>
			<name>18</name>
			<visibility>0</visibility>
			<Point>
				<coordinates>-86.99420713000001,40.47246315,9.999999999999998</coordinates>
			</Point>
		</Placemark>
		<Placemark>
			<name>19</name>
			<visibility>0</visibility>
			<Point>
				<coordinates>-86.9942058,40.47245604,9.999999999999998</coordinates>
			</Point>
		</Placemark>
		<Placemark>
			<name>20</name>
			<visibility>0</visibility>
			<Point>
				<coordinates>-86.99360106,40.47252148,9.999999999999998</coordinates>
			</Point>
		</Placemark>
		<Placemark>
			<name>21</name>
			<visibility>0</visibility>
			<Point>
				<coordinates>-86.99359973,40.47251437,9.999999999999998</coordinates>
			</Point>
		</Placemark>
		<Placemark>
			<name>22</name>
			<visibility>0</visibility>
			<Point>
				<coordinates>-86.99420447,40.47244892,9.999999999999998</coordinates>
			</Point>
		</Placemark>
		<Placemark>
			<name>23</name>
			<visibility>0</visibility>
			<Point>
				<coordinates>-86.99420314,40.47244181,9.999999999999998</coordinates>
			</Point>
		</Placemark>
		<Placemark>
			<name>24</name>
			<visibility>0</visibility>
			<Point>
				<coordinates>-86.9935984,40.47250725,9.999999999999998</coordinates>
			</Point>
		</Placemark>
		<Placemark>
			<name>25</name>
			<visibility>0</visibility>
			<Point>
				<coordinates>-86.99359707000001,40.47250014,9.999999999999998</coordinates>
			</Point>
		</Placemark>
		<Placemark>
			<name>26</name>
			<visibility>0</visibility>
			<Point>
				<coordinates>-86.99420181000001,40.47243469,9.999999999999998</coordinates>
			</Point>
		</Placemark>
		<Placemark>
			<name>27</name>
			<visibility>0</visibility>
			<Point>
				<coordinates>-86.99420048,40.47242758,9.999999999999998</coordinates>
			</Point>
		</Placemark>
		<Placemark>
			<name>28</name>
			<visibility>0</visibility>
			<Point>
				<coordinates>-86.99359574,40.47249302,9.999999999999998</coordinates>
			</Point>
		</Placemark>
		<Placemark>
			<name>29</name>
			<visibility>0</visibility>
			<Point>
				<coordinates>-86.99359441,40.47248591,9.999999999999998</coordinates>
			</Point>
		</Placemark>
		<Placemark>
			<name>30</name>
			<visibility>0</visibility>
			<Point>
				<coordinates>-86.99419915,40.47242046,9.999999999999998</coordinates>
			</Point>
		</Placemark>
		<Placemark>
			<name>31</name>
			<visibility>0</visibility>
			<Point>
				<coordinates>-86.99419782,40.47241335,9.999999999999998</coordinates>
			</Point>
		</Placemark>
		<Placemark>
			<name>32</name>
			<visibility>0</visibility>
			<Point>
				<coordinates>-86.99359308,40.47247879,9.999999999999998</coordinates>
			</Point>
		</Placemark>
		<Placemark>
			<name>33</name>
			<visibility>0</visibility>
			<Point>
				<coordinates>-86.99359174999999,40.47247168,9.999999999999998</coordinates>
			</Point>
		</Placemark>
		<Placemark>
			<name>34</name>
			<visibility>0</visibility>
			<Point>
				<coordinates>-86.99419648999999,40.47240623,9.999999999999998</coordinates>
			</Point>
		</Placemark>
		<Placemark>
			<name>35</name>
			<visibility>0</visibility>
			<Point>
				<coordinates>-86.99419516,40.47239912,9.999999999999998</coordinates>
			</Point>
		</Placemark>
		<Placemark>
			<name>36</name>
			<visibility>0</visibility>
			<Point>
				<coordinates>-86.99359042,40.47246456,9.999999999999998</coordinates>
			</Point>
		</Placemark>
		<Placemark>
			<name>37</name>
			<visibility>0</visibility>
			<Point>
				<coordinates>-86.99358909,40.47245745,9.999999999999998</coordinates>
			</Point>
		</Placemark>
		<Placemark>
			<name>38</name>
			<visibility>0</visibility>
			<Point>
				<coordinates>-86.99419383,40.472392,9.999999999999998</coordinates>
			</Point>
		</Placemark>
		<Placemark>
			<name>39</name>
			<visibility>0</visibility>
			<Point>
				<coordinates>-86.9941925,40.47238489,9.999999999999998</coordinates>
			</Point>
		</Placemark>
		<Placemark>
			<name>40</name>
			<visibility>0</visibility>
			<Point>
				<coordinates>-86.99358776,40.47245033,9.999999999999998</coordinates>
			</Point>
		</Placemark>
		<Placemark>
			<name>41</name>
			<visibility>0</visibility>
			<Point>
				<coordinates>-86.99358642999999,40.47244322,9.999999999999998</coordinates>
			</Point>
		</Placemark>
		<Placemark>
			<name>42</name>
			<visibility>0</visibility>
			<Point>
				<coordinates>-86.99419116999999,40.47237777,9.999999999999998</coordinates>
			</Point>
		</Placemark>
		<Placemark>
			<name>43</name>
			<visibility>0</visibility>
			<Point>
				<coordinates>-86.99418984,40.47237066,9.999999999999998</coordinates>
			</Point>
		</Placemark>
		<Placemark>
			<name>44</name>
			<visibility>0</visibility>
			<Point>
				<coordinates>-86.9935851,40.4724361,9.999999999999998</coordinates>
			</Point>
		</Placemark>
		<Placemark>
			<name>45</name>
			<visibility>0</visibility>
			<Point>
				<coordinates>-86.99358377,40.47242899,9.999999999999998</coordinates>
			</Point>
		</Placemark>
		<Placemark>
			<name>46</name>
			<visibility>0</visibility>
			<Point>
				<coordinates>-86.9941887,40.47236457,9.999999999999998</coordinates>
			</Point>
		</Placemark>
		<Placemark>
			<name>Path</name>
			<visibility>0</visibility>
			<LineString>
				<coordinates>
					-86.99361304,40.47258552,9.999999999999998 -86.99421777000001,40.47252007,9.999999999999998 -86.99421644,40.47251296,9.999999999999998 -86.99361171,40.4725784,9.999999999999998 -86.99361038000001,40.47257129,9.999999999999998 -86.99421511,40.47250584,9.999999999999998 -86.99421378,40.47249873,9.999999999999998 -86.99360905,40.47256417,9.999999999999998 -86.99360771000001,40.47255706,9.999999999999998 -86.99421245000001,40.47249161,9.999999999999998 -86.99421112,40.4724845,9.999999999999998 -86.99360638,40.47254994,9.999999999999998 -86.99360505,40.47254283,9.999999999999998 -86.99420979,40.47247738,9.999999999999998 -86.99420846,40.47247027,9.999999999999998 -86.99360372,40.47253571,9.999999999999998 -86.99360239000001,40.4725286,9.999999999999998 -86.99420713000001,40.47246315,9.999999999999998 -86.9942058,40.47245604,9.999999999999998 -86.99360106,40.47252148,9.999999999999998 -86.99359973,40.47251437,9.999999999999998 -86.99420447,40.47244892,9.999999999999998 -86.99420314,40.47244181,9.999999999999998 -86.9935984,40.47250725,9.999999999999998 -86.99359707000001,40.47250014,9.999999999999998 -86.99420181000001,40.47243469,9.999999999999998 -86.99420048,40.47242758,9.999999999999998 -86.99359574,40.47249302,9.999999999999998 -86.99359441,40.47248591,9.999999999999998 -86.99419915,40.47242046,9.999999999999998 -86.99419782,40.47241335,9.999999999999998 -86.99359308,40.47247879,9.999999999999998 -86.99359174999999,40.47247168,9.999999999999998 -86.99419648999999,40.47240623,9.999999999999998 -86.99419516,40.47239912,9.999999999999998 -86.99359042,40.47246456,9.999999999999998 -86.99358909,40.47245745,9.999999999999998 -86.99419383,40.472392,9.999999999999998 -86.9941925,40.47238489,9.999999999999998 -86.99358776,40.47245033,9.999999999999998 -86.99358642999999,40.47244322,9.999999999999998 -86.99419116999999,40.47237777,9.999999999999998 -86.99418984,40.47237066,9.999999999999998 -86.9935851,40.4724361,9.999999999999998 -86.99358377,40.47242899,9.999999999999998 -86.9941887,40.47236457,9.999999999999998 
				</coordinates>
			</LineString>
		</Placemark>
		<Placemark>
			<name>smart-5.2-code-interpreter-run3 (metadata)</name>
			<visibility>0</visibility>
			<description><![CDATA[<table border="1" cellpadding="4"><tr><th>Name</th><td>smart-5.2-code-interpreter-run3</td></tr><tr><th>Timestamp</th><td>2026-03-07T19:00:57.726899</td></tr><tr><th>Input</th><td>[cache-bust: 1Y4xEg93I7hodG]

You are a UAV flight planning assistant. **Use the code interpreter tool to compute the flight plan.** Generate a UAV flight plan that fully covers a rectangular plot defined by four corner coordinates.
The input will provide four corner coordinates (latitude, longitude), flight altitude (meters), image width (meters), and overlap percentage.
Compute a set of ordered flight waypoints that cover the entire area using a lawnmower (back-and-forth) pattern.
Output requirements:
Output only plain text.
No explanations.
Provide ordered waypoints covering the area.
Each waypoint must contain: latitude, longitude, altitude.
altitude: 10m
image width: 4m
overlap: 80
coordinates:
{&quot;lat&quot;: 40.472427, &quot;lng&quot;: -86.99420036983601},
{&quot;lat&quot;: 40.47255932254134, &quot;lng&quot;: -86.99360813836627},
{&quot;lat&quot;: 40.472427413383, &quot;lng&quot;: -86.99360799999999},
{&quot;lat&quot;: 40.472559, &quot;lng&quot;: -86.99385806292733},</td></tr><tr><th>Input tokens</th><td>2930</td></tr><tr><th>Output tokens</th><td>1632</td></tr><tr><th>Est. cost ($)</th><td>0.027976</td></tr><tr><th>Time (s)</th><td>64.76</td></tr></table><h3>Output</h3><pre>40.47258552, -86.99361304, 10.0
40.47252007, -86.99421777, 10.0
40.47251296, -86.99421644, 10.0
40.47257840, -86.99361171, 10.0
40.47257129, -86.99361038, 10.0
40.47250584, -86.99421511, 10.0
40.47249873, -86.99421378, 10.0
40.47256417, -86.99360905, 10.0
40.47255706, -86.99360771, 10.0
40.47249161, -86.99421245, 10.0
40.47248450, -86.99421112, 10.0
40.47254994, -86.99360638, 10.0
40.47254283, -86.99360505, 10.0
40.47247738, -86.99420979, 10.0
40.47247027, -86.99420846, 10.0
40.47253571, -86.99360372, 10.0
40.47252860, -86.99360239, 10.0
40.47246315, -86.99420713, 10.0
40.47245604, -86.99420580, 10.0
40.47252148, -86.99360106, 10.0
40.47251437, -86.99359973, 10.0
40.47244892, -86.99420447, 10.0
40.47244181, -86.99420314, 10.0
40.47250725, -86.99359840, 10.0
40.47250014, -86.99359707, 10.0
40.47243469, -86.99420181, 10.0
40.47242758, -86.99420048, 10.0
40.47249302, -86.99359574, 10.0
40.47248591, -86.99359441, 10.0
40.47242046, -86.99419915, 10.0
40.47241335, -86.99419782, 10.0
40.47247879, -86.99359308, 10.0
40.47247168, -86.99359175, 10.0
40.47240623, -86.99419649, 10.0
40.47239912, -86.99419516, 10.0
40.47246456, -86.99359042, 10.0
40.47245745, -86.99358909, 10.0
40.47239200, -86.99419383, 10.0
40.47238489, -86.99419250, 10.0
40.47245033, -86.99358776, 10.0
40.47244322, -86.99358643, 10.0
40.47237777, -86.99419117, 10.0
40.47237066, -86.99418984, 10.0
40.47243610, -86.99358510, 10.0
40.47242899, -86.99358377, 10.0
40.47236457, -86.99418870, 10.0</pre>]]></description>
		</Placemark>
	</Folder>
	<Folder>
		<name>naive-5.4-reason-none-run3</name>
		<visibility>0</visibility>
		<Placemark>
			<name>1</name>
			<visibility>0</visibility>
			<Point>
				<coordinates>-86.99420036983599,40.472427,9.999999999999998</coordinates>
			</Point>
		</Placemark>
		<Placemark>
			<name>2</name>
			<visibility>0</visibility>
			<Point>
				<coordinates>-86.993608138366,40.472559322541,9.999999999999998</coordinates>
			</Point>
		</Placemark>
		<Placemark>
			<name>3</name>
			<visibility>0</visibility>
			<Point>
				<coordinates>-86.993608110693,40.472532940033,9.999999999999998</coordinates>
			</Point>
		</Placemark>
		<Placemark>
			<name>4</name>
			<visibility>0</visibility>
			<Point>
				<coordinates>-86.994200342162,40.472400617492,9.999999999999998</coordinates>
			</Point>
		</Placemark>
		<Placemark>
			<name>5</name>
			<visibility>0</visibility>
			<Point>
				<coordinates>-86.99420031448901,40.472374234983,9.999999999999998</coordinates>
			</Point>
		</Placemark>
		<Placemark>
			<name>6</name>
			<visibility>0</visibility>
			<Point>
				<coordinates>-86.993608083019,40.472506557525,9.999999999999998</coordinates>
			</Point>
		</Placemark>
		<Placemark>
			<name>7</name>
			<visibility>0</visibility>
			<Point>
				<coordinates>-86.993608055346,40.472480175016,9.999999999999998</coordinates>
			</Point>
		</Placemark>
		<Placemark>
			<name>8</name>
			<visibility>0</visibility>
			<Point>
				<coordinates>-86.994200286815,40.472347852475,9.999999999999998</coordinates>
			</Point>
		</Placemark>
		<Placemark>
			<name>9</name>
			<visibility>0</visibility>
			<Point>
				<coordinates>-86.994200259143,40.472321469966,9.999999999999998</coordinates>
			</Point>
		</Placemark>
		<Placemark>
			<name>10</name>
			<visibility>0</visibility>
			<Point>
				<coordinates>-86.993608027672,40.472453792508,9.999999999999998</coordinates>
			</Point>
		</Placemark>
		<Placemark>
			<name>11</name>
			<visibility>0</visibility>
			<Point>
				<coordinates>-86.99360799999999,40.47242741,9.999999999999998</coordinates>
			</Point>
		</Placemark>
		<Placemark>
			<name>Path</name>
			<visibility>0</visibility>
			<LineString>
				<coordinates>
					-86.99420036983599,40.472427,9.999999999999998 -86.993608138366,40.472559322541,9.999999999999998 -86.993608110693,40.472532940033,9.999999999999998 -86.994200342162,40.472400617492,9.999999999999998 -86.99420031448901,40.472374234983,9.999999999999998 -86.993608083019,40.472506557525,9.999999999999998 -86.993608055346,40.472480175016,9.999999999999998 -86.994200286815,40.472347852475,9.999999999999998 -86.994200259143,40.472321469966,9.999999999999998 -86.993608027672,40.472453792508,9.999999999999998 -86.99360799999999,40.47242741,9.999999999999998 
				</coordinates>
			</LineString>
		</Placemark>
		<Placemark>
			<name>naive-5.4-reason-none-run3 (metadata)</name>
			<visibility>0</visibility>
			<description><![CDATA[<table border="1" cellpadding="4"><tr><th>Name</th><td>naive-5.4-reason-none-run3</td></tr><tr><th>Timestamp</th><td>2026-03-07T19:01:02.901883</td></tr><tr><th>Input</th><td>[cache-bust: 1yCTEsNzK62JoP]

You are a UAV flight planning assistant. Generate a UAV flight plan that fully covers a rectangular plot defined by four corner coordinates.
The input will provide four corner coordinates (latitude, longitude), flight altitude (meters), image width (meters), and overlap percentage.
Compute a set of ordered flight waypoints that cover the entire area using a lawnmower (back-and-forth) pattern.
Output requirements:
Output only plain text.
No explanations.
Provide ordered waypoints covering the area.
Each waypoint must contain: latitude, longitude, altitude.
altitude: 10m
image width: 4m
overlap: 80
coordinates:
{&quot;lat&quot;: 40.472427, &quot;lng&quot;: -86.99420036983601},
{&quot;lat&quot;: 40.47255932254134, &quot;lng&quot;: -86.99360813836627},
{&quot;lat&quot;: 40.472427413383, &quot;lng&quot;: -86.99360799999999},
{&quot;lat&quot;: 40.472559, &quot;lng&quot;: -86.99385806292733},</td></tr><tr><th>Input tokens</th><td>240</td></tr><tr><th>Output tokens</th><td>201</td></tr><tr><th>Est. cost ($)</th><td>0.003615</td></tr><tr><th>Time (s)</th><td>5.12</td></tr></table><h3>Output</h3><pre>40.472427000000, -86.994200369836, 10
40.472559322541, -86.993608138366, 10
40.472532940033, -86.993608110693, 10
40.472400617492, -86.994200342162, 10
40.472374234983, -86.994200314489, 10
40.472506557525, -86.993608083019, 10
40.472480175016, -86.993608055346, 10
40.472347852475, -86.994200286815, 10
40.472321469966, -86.994200259143, 10
40.472453792508, -86.993608027672, 10
40.472427410000, -86.993608000000, 10</pre>]]></description>
		</Placemark>
	</Folder>
	<Folder>
		<name>naive-5.2-reason-none-run4</name>
		<visibility>0</visibility>
		<Placemark>
			<name>1</name>
			<visibility>0</visibility>
			<Point>
				<coordinates>-86.99420036983599,40.472427,9.999999999999998</coordinates>
			</Point>
		</Placemark>
		<Placemark>
			<name>2</name>
			<visibility>0</visibility>
			<Point>
				<coordinates>-86.993608138366,40.472559322541,9.999999999999998</coordinates>
			</Point>
		</Placemark>
		<Placemark>
			<name>3</name>
			<visibility>0</visibility>
			<Point>
				<coordinates>-86.993607999999,40.472427413383,9.999999999999998</coordinates>
			</Point>
		</Placemark>
		<Placemark>
			<name>4</name>
			<visibility>0</visibility>
			<Point>
				<coordinates>-86.993858062927,40.472559,9.999999999999998</coordinates>
			</Point>
		</Placemark>
		<Placemark>
			<name>5</name>
			<visibility>0</visibility>
			<Point>
				<coordinates>-86.99420036983599,40.472427,9.999999999999998</coordinates>
			</Point>
		</Placemark>
		<Placemark>
			<name>6</name>
			<visibility>0</visibility>
			<Point>
				<coordinates>-86.993608138366,40.472559322541,9.999999999999998</coordinates>
			</Point>
		</Placemark>
		<Placemark>
			<name>7</name>
			<visibility>0</visibility>
			<Point>
				<coordinates>-86.993607999999,40.472427413383,9.999999999999998</coordinates>
			</Point>
		</Placemark>
		<Placemark>
			<name>8</name>
			<visibility>0</visibility>
			<Point>
				<coordinates>-86.993858062927,40.472559,9.999999999999998</coordinates>
			</Point>
		</Placemark>
		<Placemark>
			<name>Path</name>
			<visibility>0</visibility>
			<LineString>
				<coordinates>
					-86.99420036983599,40.472427,9.999999999999998 -86.993608138366,40.472559322541,9.999999999999998 -86.993607999999,40.472427413383,9.999999999999998 -86.993858062927,40.472559,9.999999999999998 -86.99420036983599,40.472427,9.999999999999998 -86.993608138366,40.472559322541,9.999999999999998 -86.993607999999,40.472427413383,9.999999999999998 -86.993858062927,40.472559,9.999999999999998 
				</coordinates>
			</LineString>
		</Placemark>
		<Placemark>
			<name>naive-5.2-reason-none-run4 (metadata)</name>
			<visibility>0</visibility>
			<description><![CDATA[<table border="1" cellpadding="4"><tr><th>Name</th><td>naive-5.2-reason-none-run4</td></tr><tr><th>Timestamp</th><td>2026-03-07T19:01:05.402381</td></tr><tr><th>Input</th><td>[cache-bust: C1SDZyX335afwk]

You are a UAV flight planning assistant. Generate a UAV flight plan that fully covers a rectangular plot defined by four corner coordinates.
The input will provide four corner coordinates (latitude, longitude), flight altitude (meters), image width (meters), and overlap percentage.
Compute a set of ordered flight waypoints that cover the entire area using a lawnmower (back-and-forth) pattern.
Output requirements:
Output only plain text.
No explanations.
Provide ordered waypoints covering the area.
Each waypoint must contain: latitude, longitude, altitude.
altitude: 10m
image width: 4m
overlap: 80
coordinates:
{&quot;lat&quot;: 40.472427, &quot;lng&quot;: -86.99420036983601},
{&quot;lat&quot;: 40.47255932254134, &quot;lng&quot;: -86.99360813836627},
{&quot;lat&quot;: 40.472427413383, &quot;lng&quot;: -86.99360799999999},
{&quot;lat&quot;: 40.472559, &quot;lng&quot;: -86.99385806292733},</td></tr><tr><th>Input tokens</th><td>239</td></tr><tr><th>Output tokens</th><td>147</td></tr><tr><th>Est. cost ($)</th><td>0.002476</td></tr><tr><th>Time (s)</th><td>2.48</td></tr></table><h3>Output</h3><pre>40.472427000000, -86.994200369836, 10
40.472559322541, -86.993608138366, 10
40.472427413383, -86.993607999999, 10
40.472559000000, -86.993858062927, 10
40.472427000000, -86.994200369836, 10
40.472559322541, -86.993608138366, 10
40.472427413383, -86.993607999999, 10
40.472559000000, -86.993858062927, 10</pre>]]></description>
		</Placemark>
	</Folder>
	<Placemark>
		<name>naive-5.2-reason-high-run4</name>
		<visibility>0</visibility>
		<description><![CDATA[<table border="1" cellpadding="4"><tr><th>Name</th><td>naive-5.2-reason-high-run4</td></tr><tr><th>Timestamp</th><td>2026-03-07T19:02:04.799395</td></tr><tr><th>Input</th><td>[cache-bust: cQBdU67A4jClpf]

You are a UAV flight planning assistant. Generate a UAV flight plan that fully covers a rectangular plot defined by four corner coordinates.
The input will provide four corner coordinates (latitude, longitude), flight altitude (meters), image width (meters), and overlap percentage.
Compute a set of ordered flight waypoints that cover the entire area using a lawnmower (back-and-forth) pattern.
Output requirements:
Output only plain text.
No explanations.
Provide ordered waypoints covering the area.
Each waypoint must contain: latitude, longitude, altitude.
altitude: 10m
image width: 4m
overlap: 80
coordinates:
{&quot;lat&quot;: 40.472427, &quot;lng&quot;: -86.99420036983601},
{&quot;lat&quot;: 40.47255932254134, &quot;lng&quot;: -86.99360813836627},
{&quot;lat&quot;: 40.472427413383, &quot;lng&quot;: -86.99360799999999},
{&quot;lat&quot;: 40.472559, &quot;lng&quot;: -86.99385806292733},</td></tr><tr><th>Input tokens</th><td>240</td></tr><tr><th>Output tokens</th><td>4544</td></tr><tr><th>Est. cost ($)</th><td>0.064036</td></tr><tr><th>Time (s)</th><td>59.38</td></tr></table><h3>Output</h3><pre>40.47242700000 -86.99420036983601 10
40.47242700000 -86.99360799999999 10
40.47243418652 -86.99360799999999 10
40.47243418652 -86.99420036983601 10
40.47244137304 -86.99420036983601 10
40.47244137304 -86.99360799999999 10
40.47244855957 -86.99360799999999 10
40.47244855957 -86.99420036983601 10
40.47245574609 -86.99420036983601 10
40.47245574609 -86.99360799999999 10
40.47246293261 -86.99360799999999 10
40.47246293261 -86.99420036983601 10
40.47247011913 -86.99420036983601 10
40.47247011913 -86.99360799999999 10
40.47247730566 -86.99360799999999 10
40.47247730566 -86.99420036983601 10
40.47248449218 -86.99420036983601 10
40.47248449218 -86.99360799999999 10
40.47249167870 -86.99360799999999 10
40.47249167870 -86.99420036983601 10
40.47249886522 -86.99420036983601 10
40.47249886522 -86.99360799999999 10
40.47250605175 -86.99360799999999 10
40.47250605175 -86.99420036983601 10
40.47251323827 -86.99420036983601 10
40.47251323827 -86.99360799999999 10
40.47252042479 -86.99360799999999 10
40.47252042479 -86.99420036983601 10
40.47252761131 -86.99420036983601 10
40.47252761131 -86.99360799999999 10
40.47253479783 -86.99360799999999 10
40.47253479783 -86.99420036983601 10
40.47254198436 -86.99420036983601 10
40.47254198436 -86.99360799999999 10
40.47254917088 -86.99360799999999 10
40.47254917088 -86.99420036983601 10
40.47255635740 -86.99420036983601 10
40.47255635740 -86.99360799999999 10
40.47255932254 -86.99360799999999 10
40.47255932254 -86.99420036983601 10</pre>]]></description>
	</Placemark>
	<Folder>
		<name>smart-5.2-code-interpreter-run4</name>
		<visibility>0</visibility>
		<Placemark>
			<name>1</name>
			<visibility>0</visibility>
			<Point>
				<coordinates>-86.99420036983599,40.472427,9.999999999999998</coordinates>
			</Point>
		</Placemark>
		<Placemark>
			<name>2</name>
			<visibility>0</visibility>
			<Point>
				<coordinates>-86.99360799999999,40.472427,9.999999999999998</coordinates>
			</Point>
		</Placemark>
		<Placemark>
			<name>3</name>
			<visibility>0</visibility>
			<Point>
				<coordinates>-86.99360799999999,40.472434204285,9.999999999999998</coordinates>
			</Point>
		</Placemark>
		<Placemark>
			<name>4</name>
			<visibility>0</visibility>
			<Point>
				<coordinates>-86.99420036983599,40.472434204285,9.999999999999998</coordinates>
			</Point>
		</Placemark>
		<Placemark>
			<name>5</name>
			<visibility>0</visibility>
			<Point>
				<coordinates>-86.99420036983599,40.47244140857,9.999999999999998</coordinates>
			</Point>
		</Placemark>
		<Placemark>
			<name>6</name>
			<visibility>0</visibility>
			<Point>
				<coordinates>-86.99360799999999,40.47244140857,9.999999999999998</coordinates>
			</Point>
		</Placemark>
		<Placemark>
			<name>7</name>
			<visibility>0</visibility>
			<Point>
				<coordinates>-86.99360799999999,40.472448612855,9.999999999999998</coordinates>
			</Point>
		</Placemark>
		<Placemark>
			<name>8</name>
			<visibility>0</visibility>
			<Point>
				<coordinates>-86.99420036983599,40.472448612855,9.999999999999998</coordinates>
			</Point>
		</Placemark>
		<Placemark>
			<name>9</name>
			<visibility>0</visibility>
			<Point>
				<coordinates>-86.99420036983599,40.47245581714,9.999999999999998</coordinates>
			</Point>
		</Placemark>
		<Placemark>
			<name>10</name>
			<visibility>0</visibility>
			<Point>
				<coordinates>-86.99360799999999,40.47245581714,9.999999999999998</coordinates>
			</Point>
		</Placemark>
		<Placemark>
			<name>11</name>
			<visibility>0</visibility>
			<Point>
				<coordinates>-86.99360799999999,40.472463021425,9.999999999999998</coordinates>
			</Point>
		</Placemark>
		<Placemark>
			<name>12</name>
			<visibility>0</visibility>
			<Point>
				<coordinates>-86.99420036983599,40.472463021425,9.999999999999998</coordinates>
			</Point>
		</Placemark>
		<Placemark>
			<name>13</name>
			<visibility>0</visibility>
			<Point>
				<coordinates>-86.99420036983599,40.47247022571,9.999999999999998</coordinates>
			</Point>
		</Placemark>
		<Placemark>
			<name>14</name>
			<visibility>0</visibility>
			<Point>
				<coordinates>-86.99360799999999,40.47247022571,9.999999999999998</coordinates>
			</Point>
		</Placemark>
		<Placemark>
			<name>15</name>
			<visibility>0</visibility>
			<Point>
				<coordinates>-86.99360799999999,40.472477429995,9.999999999999998</coordinates>
			</Point>
		</Placemark>
		<Placemark>
			<name>16</name>
			<visibility>0</visibility>
			<Point>
				<coordinates>-86.99420036983599,40.472477429995,9.999999999999998</coordinates>
			</Point>
		</Placemark>
		<Placemark>
			<name>17</name>
			<visibility>0</visibility>
			<Point>
				<coordinates>-86.99420036983599,40.47248463428,9.999999999999998</coordinates>
			</Point>
		</Placemark>
		<Placemark>
			<name>18</name>
			<visibility>0</visibility>
			<Point>
				<coordinates>-86.99360799999999,40.47248463428,9.999999999999998</coordinates>
			</Point>
		</Placemark>
		<Placemark>
			<name>19</name>
			<visibility>0</visibility>
			<Point>
				<coordinates>-86.99360799999999,40.472491838565,9.999999999999998</coordinates>
			</Point>
		</Placemark>
		<Placemark>
			<name>20</name>
			<visibility>0</visibility>
			<Point>
				<coordinates>-86.99420036983599,40.472491838565,9.999999999999998</coordinates>
			</Point>
		</Placemark>
		<Placemark>
			<name>21</name>
			<visibility>0</visibility>
			<Point>
				<coordinates>-86.99420036983599,40.47249904285,9.999999999999998</coordinates>
			</Point>
		</Placemark>
		<Placemark>
			<name>22</name>
			<visibility>0</visibility>
			<Point>
				<coordinates>-86.99360799999999,40.47249904285,9.999999999999998</coordinates>
			</Point>
		</Placemark>
		<Placemark>
			<name>23</name>
			<visibility>0</visibility>
			<Point>
				<coordinates>-86.99360799999999,40.472506247135,9.999999999999998</coordinates>
			</Point>
		</Placemark>
		<Placemark>
			<name>24</name>
			<visibility>0</visibility>
			<Point>
				<coordinates>-86.99420036983599,40.472506247135,9.999999999999998</coordinates>
			</Point>
		</Placemark>
		<Placemark>
			<name>25</name>
			<visibility>0</visibility>
			<Point>
				<coordinates>-86.99420036983599,40.47251345142,9.999999999999998</coordinates>
			</Point>
		</Placemark>
		<Placemark>
			<name>26</name>
			<visibility>0</visibility>
			<Point>
				<coordinates>-86.99360799999999,40.47251345142,9.999999999999998</coordinates>
			</Point>
		</Placemark>
		<Placemark>
			<name>27</name>
			<visibility>0</visibility>
			<Point>
				<coordinates>-86.99360799999999,40.472520655705,9.999999999999998</coordinates>
			</Point>
		</Placemark>
		<Placemark>
			<name>28</name>
			<visibility>0</visibility>
			<Point>
				<coordinates>-86.99420036983599,40.472520655705,9.999999999999998</coordinates>
			</Point>
		</Placemark>
		<Placemark>
			<name>29</name>
			<visibility>0</visibility>
			<Point>
				<coordinates>-86.99420036983599,40.47252785999,9.999999999999998</coordinates>
			</Point>
		</Placemark>
		<Placemark>
			<name>30</name>
			<visibility>0</visibility>
			<Point>
				<coordinates>-86.99360799999999,40.47252785999,9.999999999999998</coordinates>
			</Point>
		</Placemark>
		<Placemark>
			<name>31</name>
			<visibility>0</visibility>
			<Point>
				<coordinates>-86.99360799999999,40.472535064275,9.999999999999998</coordinates>
			</Point>
		</Placemark>
		<Placemark>
			<name>32</name>
			<visibility>0</visibility>
			<Point>
				<coordinates>-86.99420036983599,40.472535064275,9.999999999999998</coordinates>
			</Point>
		</Placemark>
		<Placemark>
			<name>33</name>
			<visibility>0</visibility>
			<Point>
				<coordinates>-86.99420036983599,40.47254226856,9.999999999999998</coordinates>
			</Point>
		</Placemark>
		<Placemark>
			<name>34</name>
			<visibility>0</visibility>
			<Point>
				<coordinates>-86.99360799999999,40.47254226856,9.999999999999998</coordinates>
			</Point>
		</Placemark>
		<Placemark>
			<name>35</name>
			<visibility>0</visibility>
			<Point>
				<coordinates>-86.99360799999999,40.472549472845,9.999999999999998</coordinates>
			</Point>
		</Placemark>
		<Placemark>
			<name>36</name>
			<visibility>0</visibility>
			<Point>
				<coordinates>-86.99420036983599,40.472549472845,9.999999999999998</coordinates>
			</Point>
		</Placemark>
		<Placemark>
			<name>37</name>
			<visibility>0</visibility>
			<Point>
				<coordinates>-86.99420036983599,40.47255667713,9.999999999999998</coordinates>
			</Point>
		</Placemark>
		<Placemark>
			<name>38</name>
			<visibility>0</visibility>
			<Point>
				<coordinates>-86.99360799999999,40.47255667713,9.999999999999998</coordinates>
			</Point>
		</Placemark>
		<Placemark>
			<name>39</name>
			<visibility>0</visibility>
			<Point>
				<coordinates>-86.99360799999999,40.472559322541,9.999999999999998</coordinates>
			</Point>
		</Placemark>
		<Placemark>
			<name>40</name>
			<visibility>0</visibility>
			<Point>
				<coordinates>-86.99420036983599,40.472559322541,9.999999999999998</coordinates>
			</Point>
		</Placemark>
		<Placemark>
			<name>Path</name>
			<visibility>0</visibility>
			<LineString>
				<coordinates>
					-86.99420036983599,40.472427,9.999999999999998 -86.99360799999999,40.472427,9.999999999999998 -86.99360799999999,40.472434204285,9.999999999999998 -86.99420036983599,40.472434204285,9.999999999999998 -86.99420036983599,40.47244140857,9.999999999999998 -86.99360799999999,40.47244140857,9.999999999999998 -86.99360799999999,40.472448612855,9.999999999999998 -86.99420036983599,40.472448612855,9.999999999999998 -86.99420036983599,40.47245581714,9.999999999999998 -86.99360799999999,40.47245581714,9.999999999999998 -86.99360799999999,40.472463021425,9.999999999999998 -86.99420036983599,40.472463021425,9.999999999999998 -86.99420036983599,40.47247022571,9.999999999999998 -86.99360799999999,40.47247022571,9.999999999999998 -86.99360799999999,40.472477429995,9.999999999999998 -86.99420036983599,40.472477429995,9.999999999999998 -86.99420036983599,40.47248463428,9.999999999999998 -86.99360799999999,40.47248463428,9.999999999999998 -86.99360799999999,40.472491838565,9.999999999999998 -86.99420036983599,40.472491838565,9.999999999999998 -86.99420036983599,40.47249904285,9.999999999999998 -86.99360799999999,40.47249904285,9.999999999999998 -86.99360799999999,40.472506247135,9.999999999999998 -86.99420036983599,40.472506247135,9.999999999999998 -86.99420036983599,40.47251345142,9.999999999999998 -86.99360799999999,40.47251345142,9.999999999999998 -86.99360799999999,40.472520655705,9.999999999999998 -86.99420036983599,40.472520655705,9.999999999999998 -86.99420036983599,40.47252785999,9.999999999999998 -86.99360799999999,40.47252785999,9.999999999999998 -86.99360799999999,40.472535064275,9.999999999999998 -86.99420036983599,40.472535064275,9.999999999999998 -86.99420036983599,40.47254226856,9.999999999999998 -86.99360799999999,40.47254226856,9.999999999999998 -86.99360799999999,40.472549472845,9.999999999999998 -86.99420036983599,40.472549472845,9.999999999999998 -86.99420036983599,40.47255667713,9.999999999999998 -86.99360799999999,40.47255667713,9.999999999999998 -86.99360799999999,40.472559322541,9.999999999999998 -86.99420036983599,40.472559322541,9.999999999999998 
				</coordinates>
			</LineString>
		</Placemark>
		<Placemark>
			<name>smart-5.2-code-interpreter-run4 (metadata)</name>
			<visibility>0</visibility>
			<description><![CDATA[<table border="1" cellpadding="4"><tr><th>Name</th><td>smart-5.2-code-interpreter-run4</td></tr><tr><th>Timestamp</th><td>2026-03-07T19:03:00.013171</td></tr><tr><th>Input</th><td>[cache-bust: VLJR5NUZsngecE]

You are a UAV flight planning assistant. **Use the code interpreter tool to compute the flight plan.** Generate a UAV flight plan that fully covers a rectangular plot defined by four corner coordinates.
The input will provide four corner coordinates (latitude, longitude), flight altitude (meters), image width (meters), and overlap percentage.
Compute a set of ordered flight waypoints that cover the entire area using a lawnmower (back-and-forth) pattern.
Output requirements:
Output only plain text.
No explanations.
Provide ordered waypoints covering the area.
Each waypoint must contain: latitude, longitude, altitude.
altitude: 10m
image width: 4m
overlap: 80
coordinates:
{&quot;lat&quot;: 40.472427, &quot;lng&quot;: -86.99420036983601},
{&quot;lat&quot;: 40.47255932254134, &quot;lng&quot;: -86.99360813836627},
{&quot;lat&quot;: 40.472427413383, &quot;lng&quot;: -86.99360799999999},
{&quot;lat&quot;: 40.472559, &quot;lng&quot;: -86.99385806292733},</td></tr><tr><th>Input tokens</th><td>2481</td></tr><tr><th>Output tokens</th><td>1390</td></tr><tr><th>Est. cost ($)</th><td>0.023802</td></tr><tr><th>Time (s)</th><td>55.2</td></tr></table><h3>Output</h3><pre>40.472427000000, -86.994200369836, 10
40.472427000000, -86.993608000000, 10
40.472434204285, -86.993608000000, 10
40.472434204285, -86.994200369836, 10
40.472441408570, -86.994200369836, 10
40.472441408570, -86.993608000000, 10
40.472448612855, -86.993608000000, 10
40.472448612855, -86.994200369836, 10
40.472455817140, -86.994200369836, 10
40.472455817140, -86.993608000000, 10
40.472463021425, -86.993608000000, 10
40.472463021425, -86.994200369836, 10
40.472470225710, -86.994200369836, 10
40.472470225710, -86.993608000000, 10
40.472477429995, -86.993608000000, 10
40.472477429995, -86.994200369836, 10
40.472484634280, -86.994200369836, 10
40.472484634280, -86.993608000000, 10
40.472491838565, -86.993608000000, 10
40.472491838565, -86.994200369836, 10
40.472499042850, -86.994200369836, 10
40.472499042850, -86.993608000000, 10
40.472506247135, -86.993608000000, 10
40.472506247135, -86.994200369836, 10
40.472513451420, -86.994200369836, 10
40.472513451420, -86.993608000000, 10
40.472520655705, -86.993608000000, 10
40.472520655705, -86.994200369836, 10
40.472527859990, -86.994200369836, 10
40.472527859990, -86.993608000000, 10
40.472535064275, -86.993608000000, 10
40.472535064275, -86.994200369836, 10
40.472542268560, -86.994200369836, 10
40.472542268560, -86.993608000000, 10
40.472549472845, -86.993608000000, 10
40.472549472845, -86.994200369836, 10
40.472556677130, -86.994200369836, 10
40.472556677130, -86.993608000000, 10
40.472559322541, -86.993608000000, 10
40.472559322541, -86.994200369836, 10</pre>]]></description>
		</Placemark>
	</Folder>
	<Folder>
		<name>naive-5.4-reason-none-run4</name>
		<visibility>0</visibility>
		<Placemark>
			<name>1</name>
			<visibility>0</visibility>
			<Point>
				<coordinates>-86.99420036983599,40.472427,9.999999999999998</coordinates>
			</Point>
		</Placemark>
		<Placemark>
			<name>2</name>
			<visibility>0</visibility>
			<Point>
				<coordinates>-86.993608138366,40.472559322541,9.999999999999998</coordinates>
			</Point>
		</Placemark>
		<Placemark>
			<name>3</name>
			<visibility>0</visibility>
			<Point>
				<coordinates>-86.993607999999,40.4725412513,9.999999999999998</coordinates>
			</Point>
		</Placemark>
		<Placemark>
			<name>4</name>
			<visibility>0</visibility>
			<Point>
				<coordinates>-86.99420023146899,40.472408928759,9.999999999999998</coordinates>
			</Point>
		</Placemark>
		<Placemark>
			<name>5</name>
			<visibility>0</visibility>
			<Point>
				<coordinates>-86.99420009310199,40.472390857517,9.999999999999998</coordinates>
			</Point>
		</Placemark>
		<Placemark>
			<name>6</name>
			<visibility>0</visibility>
			<Point>
				<coordinates>-86.993607861633,40.472523180058,9.999999999999998</coordinates>
			</Point>
		</Placemark>
		<Placemark>
			<name>7</name>
			<visibility>0</visibility>
			<Point>
				<coordinates>-86.993607723266,40.472505108817,9.999999999999998</coordinates>
			</Point>
		</Placemark>
		<Placemark>
			<name>8</name>
			<visibility>0</visibility>
			<Point>
				<coordinates>-86.994199954735,40.472372786276,9.999999999999998</coordinates>
			</Point>
		</Placemark>
		<Placemark>
			<name>9</name>
			<visibility>0</visibility>
			<Point>
				<coordinates>-86.994199816368,40.472354715034,9.999999999999998</coordinates>
			</Point>
		</Placemark>
		<Placemark>
			<name>10</name>
			<visibility>0</visibility>
			<Point>
				<coordinates>-86.993607584899,40.472487037575,9.999999999999998</coordinates>
			</Point>
		</Placemark>
		<Placemark>
			<name>11</name>
			<visibility>0</visibility>
			<Point>
				<coordinates>-86.993607446532,40.472468966334,9.999999999999998</coordinates>
			</Point>
		</Placemark>
		<Placemark>
			<name>12</name>
			<visibility>0</visibility>
			<Point>
				<coordinates>-86.994199678001,40.472336643793,9.999999999999998</coordinates>
			</Point>
		</Placemark>
		<Placemark>
			<name>13</name>
			<visibility>0</visibility>
			<Point>
				<coordinates>-86.994199539634,40.472318572551,9.999999999999998</coordinates>
			</Point>
		</Placemark>
		<Placemark>
			<name>14</name>
			<visibility>0</visibility>
			<Point>
				<coordinates>-86.993607308165,40.472450895092,9.999999999999998</coordinates>
			</Point>
		</Placemark>
		<Placemark>
			<name>15</name>
			<visibility>0</visibility>
			<Point>
				<coordinates>-86.993607169798,40.472432823851,9.999999999999998</coordinates>
			</Point>
		</Placemark>
		<Placemark>
			<name>16</name>
			<visibility>0</visibility>
			<Point>
				<coordinates>-86.994199401267,40.47230050131,9.999999999999998</coordinates>
			</Point>
		</Placemark>
		<Placemark>
			<name>17</name>
			<visibility>0</visibility>
			<Point>
				<coordinates>-86.9941992629,40.472282430068,9.999999999999998</coordinates>
			</Point>
		</Placemark>
		<Placemark>
			<name>18</name>
			<visibility>0</visibility>
			<Point>
				<coordinates>-86.993607031431,40.472414752609,9.999999999999998</coordinates>
			</Point>
		</Placemark>
		<Placemark>
			<name>Path</name>
			<visibility>0</visibility>
			<LineString>
				<coordinates>
					-86.99420036983599,40.472427,9.999999999999998 -86.993608138366,40.472559322541,9.999999999999998 -86.993607999999,40.4725412513,9.999999999999998 -86.99420023146899,40.472408928759,9.999999999999998 -86.99420009310199,40.472390857517,9.999999999999998 -86.993607861633,40.472523180058,9.999999999999998 -86.993607723266,40.472505108817,9.999999999999998 -86.994199954735,40.472372786276,9.999999999999998 -86.994199816368,40.472354715034,9.999999999999998 -86.993607584899,40.472487037575,9.999999999999998 -86.993607446532,40.472468966334,9.999999999999998 -86.994199678001,40.472336643793,9.999999999999998 -86.994199539634,40.472318572551,9.999999999999998 -86.993607308165,40.472450895092,9.999999999999998 -86.993607169798,40.472432823851,9.999999999999998 -86.994199401267,40.47230050131,9.999999999999998 -86.9941992629,40.472282430068,9.999999999999998 -86.993607031431,40.472414752609,9.999999999999998 
				</coordinates>
			</LineString>
		</Placemark>
		<Placemark>
			<name>naive-5.4-reason-none-run4 (metadata)</name>
			<visibility>0</visibility>
			<description><![CDATA[<table border="1" cellpadding="4"><tr><th>Name</th><td>naive-5.4-reason-none-run4</td></tr><tr><th>Timestamp</th><td>2026-03-07T19:03:06.057737</td></tr><tr><th>Input</th><td>[cache-bust: s6kGzob0GE2f92]

You are a UAV flight planning assistant. Generate a UAV flight plan that fully covers a rectangular plot defined by four corner coordinates.
The input will provide four corner coordinates (latitude, longitude), flight altitude (meters), image width (meters), and overlap percentage.
Compute a set of ordered flight waypoints that cover the entire area using a lawnmower (back-and-forth) pattern.
Output requirements:
Output only plain text.
No explanations.
Provide ordered waypoints covering the area.
Each waypoint must contain: latitude, longitude, altitude.
altitude: 10m
image width: 4m
overlap: 80
coordinates:
{&quot;lat&quot;: 40.472427, &quot;lng&quot;: -86.99420036983601},
{&quot;lat&quot;: 40.47255932254134, &quot;lng&quot;: -86.99360813836627},
{&quot;lat&quot;: 40.472427413383, &quot;lng&quot;: -86.99360799999999},
{&quot;lat&quot;: 40.472559, &quot;lng&quot;: -86.99385806292733},</td></tr><tr><th>Input tokens</th><td>241</td></tr><tr><th>Output tokens</th><td>327</td></tr><tr><th>Est. cost ($)</th><td>0.005507</td></tr><tr><th>Time (s)</th><td>6.03</td></tr></table><h3>Output</h3><pre>40.472427000000, -86.994200369836, 10
40.472559322541, -86.993608138366, 10
40.472541251300, -86.993607999999, 10
40.472408928759, -86.994200231469, 10
40.472390857517, -86.994200093102, 10
40.472523180058, -86.993607861633, 10
40.472505108817, -86.993607723266, 10
40.472372786276, -86.994199954735, 10
40.472354715034, -86.994199816368, 10
40.472487037575, -86.993607584899, 10
40.472468966334, -86.993607446532, 10
40.472336643793, -86.994199678001, 10
40.472318572551, -86.994199539634, 10
40.472450895092, -86.993607308165, 10
40.472432823851, -86.993607169798, 10
40.472300501310, -86.994199401267, 10
40.472282430068, -86.994199262900, 10
40.472414752609, -86.993607031431, 10</pre>]]></description>
		</Placemark>
	</Folder>
</Document>
</kml>
